-- MySQL dump 10.13  Distrib 8.0.23, for Win64 (x86_64)
--
-- Host: localhost    Database: instagram
-- ------------------------------------------------------
-- Server version	8.0.23

/*!40101 SET @OLD_CHARACTER_SET_CLIENT=@@CHARACTER_SET_CLIENT */;
/*!40101 SET @OLD_CHARACTER_SET_RESULTS=@@CHARACTER_SET_RESULTS */;
/*!40101 SET @OLD_COLLATION_CONNECTION=@@COLLATION_CONNECTION */;
/*!50503 SET NAMES utf8 */;
/*!40103 SET @OLD_TIME_ZONE=@@TIME_ZONE */;
/*!40103 SET TIME_ZONE='+00:00' */;
/*!40014 SET @OLD_UNIQUE_CHECKS=@@UNIQUE_CHECKS, UNIQUE_CHECKS=0 */;
/*!40014 SET @OLD_FOREIGN_KEY_CHECKS=@@FOREIGN_KEY_CHECKS, FOREIGN_KEY_CHECKS=0 */;
/*!40101 SET @OLD_SQL_MODE=@@SQL_MODE, SQL_MODE='NO_AUTO_VALUE_ON_ZERO' */;
/*!40111 SET @OLD_SQL_NOTES=@@SQL_NOTES, SQL_NOTES=0 */;

--
-- Table structure for table `followers`
--

DROP TABLE IF EXISTS `followers`;
/*!40101 SET @saved_cs_client     = @@character_set_client */;
/*!50503 SET character_set_client = utf8mb4 */;
CREATE TABLE `followers` (
  `user_id` int unsigned NOT NULL COMMENT 'Ссылка на подписчика',
  `target_id` int unsigned NOT NULL COMMENT 'Ссылка на обьект подписки (пользователя)',
  `target_status_id` int unsigned NOT NULL COMMENT 'Ссылка на статус (текущее состояние) подписки',
  `requested_at` datetime DEFAULT CURRENT_TIMESTAMP COMMENT 'Время запроса на подписку',
  `confirmed_at` datetime DEFAULT NULL COMMENT 'Время подтверждения запроса на подписку',
  `created_at` datetime DEFAULT CURRENT_TIMESTAMP COMMENT 'Время создания строки',
  `updated_at` datetime DEFAULT CURRENT_TIMESTAMP ON UPDATE CURRENT_TIMESTAMP COMMENT 'Время обновления строки',
  PRIMARY KEY (`user_id`,`target_id`) COMMENT 'Составной первичный ключ',
  KEY `followers_target_id_fk` (`target_id`),
  KEY `followers_target_status_id_fk` (`target_status_id`),
  CONSTRAINT `followers_target_id_fk` FOREIGN KEY (`target_id`) REFERENCES `users` (`id`) ON DELETE CASCADE,
  CONSTRAINT `followers_target_status_id_fk` FOREIGN KEY (`target_status_id`) REFERENCES `followers_statuses` (`id`) ON DELETE CASCADE,
  CONSTRAINT `followers_user_id_fk` FOREIGN KEY (`user_id`) REFERENCES `users` (`id`) ON DELETE CASCADE
) ENGINE=InnoDB DEFAULT CHARSET=utf8mb4 COLLATE=utf8mb4_unicode_ci COMMENT='Таблица подписок';
/*!40101 SET character_set_client = @saved_cs_client */;

--
-- Dumping data for table `followers`
--

LOCK TABLES `followers` WRITE;
/*!40000 ALTER TABLE `followers` DISABLE KEYS */;
INSERT INTO `followers` VALUES (2,3,2,'2011-07-17 16:28:47','2017-06-29 16:18:16','2014-08-31 02:48:34','2015-10-30 15:04:07'),(2,71,3,'2012-07-07 14:40:47','2013-11-07 05:32:22','2020-02-25 00:38:02','2020-03-17 12:50:59'),(3,18,1,'2012-07-12 14:36:26','2013-02-13 21:13:21','2018-05-06 23:37:18','2021-03-16 15:51:10'),(3,96,3,'2016-10-26 14:08:58','2021-03-16 15:52:25','2020-01-21 19:25:01','2021-03-16 15:52:25'),(7,45,1,'2016-08-28 00:32:26','2021-03-16 15:52:25','2012-10-14 20:18:17','2021-03-16 15:52:25'),(10,28,1,'2017-12-17 02:23:14','2017-12-30 01:27:39','2017-08-09 16:16:31','2020-04-29 19:09:36'),(10,73,3,'2020-11-19 04:01:08','2021-03-16 15:52:25','2014-02-03 08:57:55','2021-03-16 15:52:25'),(13,50,2,'2011-06-28 13:02:36','2015-12-12 00:51:54','2013-09-10 18:19:33','2018-03-17 13:40:01'),(14,100,3,'2014-10-30 02:55:26','2019-03-24 02:36:40','2011-03-28 04:35:41','2011-04-16 04:51:38'),(16,20,3,'2013-03-28 10:18:05','2019-10-27 14:09:47','2012-01-12 03:05:08','2017-12-13 08:18:49'),(16,67,1,'2017-09-19 08:42:02','2020-05-26 15:31:33','2018-03-22 18:24:11','2021-03-16 15:51:10'),(17,39,1,'2013-04-05 11:37:48','2015-08-01 04:46:18','2011-05-21 13:58:08','2015-12-12 21:39:44'),(17,78,3,'2018-10-02 20:28:03','2021-03-16 15:52:25','2019-11-18 01:07:52','2021-03-16 15:52:25'),(18,31,3,'2019-02-09 08:56:44','2019-05-31 05:10:36','2018-06-16 00:28:09','2021-03-16 15:51:10'),(19,23,3,'2020-07-28 06:00:32','2021-03-16 15:52:25','2011-12-14 02:35:08','2021-03-16 15:52:25'),(19,87,3,'2019-09-07 15:03:50','2021-01-14 00:06:55','2020-02-20 01:04:14','2021-03-16 15:51:10'),(19,94,1,'2016-02-18 21:16:47','2020-01-10 04:37:39','2019-01-02 17:33:31','2021-03-16 15:51:10'),(21,70,2,'2019-10-21 01:55:20','2021-03-16 15:52:25','2013-09-02 19:27:49','2021-03-16 15:52:25'),(22,96,3,'2019-12-16 17:45:37','2021-03-16 15:52:25','2015-05-21 02:30:10','2021-03-16 15:52:25'),(23,19,3,'2012-01-23 11:20:37','2017-03-31 19:08:39','2012-07-14 08:21:33','2018-10-05 14:33:33'),(23,30,1,'2016-03-17 19:58:22','2021-03-16 15:52:25','2014-12-19 05:14:47','2021-03-16 15:52:25'),(26,53,3,'2012-06-13 01:26:50','2013-05-27 17:22:26','2016-04-09 07:58:29','2019-10-24 06:32:12'),(26,83,1,'2019-07-25 10:45:17','2021-03-16 15:52:25','2014-07-21 23:13:53','2021-03-16 15:52:25'),(27,76,1,'2014-05-27 23:50:18','2016-08-03 00:17:13','2017-05-20 06:35:23','2021-03-16 15:51:10'),(29,47,2,'2013-11-30 15:17:15','2021-03-16 15:52:25','2019-01-08 17:41:14','2021-03-16 15:52:25'),(32,52,1,'2014-07-30 10:24:09','2015-07-01 21:39:03','2012-02-16 12:16:02','2013-11-29 07:59:47'),(33,2,1,'2014-04-07 13:44:05','2021-03-16 15:52:25','2019-09-18 16:34:02','2021-03-16 15:52:25'),(33,23,3,'2017-02-08 18:43:35','2017-11-30 02:20:11','2016-03-24 04:06:45','2017-03-14 18:04:22'),(34,36,1,'2013-11-03 19:25:37','2019-04-28 10:45:08','2020-01-30 16:18:49','2021-03-16 15:51:10'),(34,90,2,'2020-11-29 14:48:15','2021-03-16 15:52:25','2017-07-07 10:16:16','2021-03-16 15:52:25'),(36,59,3,'2014-10-09 15:31:17','2021-03-16 15:52:25','2012-11-02 13:30:50','2021-03-16 15:52:25'),(38,43,1,'2020-04-25 13:51:59','2021-03-16 15:52:25','2017-10-31 09:39:41','2021-03-16 15:52:25'),(39,39,3,'2014-10-23 13:29:22','2016-12-24 09:03:51','2011-05-27 23:07:04','2019-01-28 15:30:09'),(41,2,3,'2015-12-17 21:04:58','2018-04-13 00:37:39','2020-08-27 22:10:00','2021-03-16 15:51:10'),(41,31,3,'2018-01-09 16:48:39','2021-03-16 15:52:25','2011-06-29 16:32:21','2021-03-16 15:52:25'),(42,11,1,'2020-05-20 15:41:27','2021-03-16 15:52:25','2014-01-16 03:30:25','2021-03-16 15:52:25'),(42,39,3,'2020-04-05 13:20:42','2021-03-16 15:52:25','2018-04-27 02:56:42','2021-03-16 15:52:25'),(42,77,2,'2011-09-11 00:57:30','2018-04-27 19:31:17','2011-05-17 18:19:39','2018-11-07 02:23:35'),(44,70,2,'2017-05-15 16:24:55','2021-03-16 15:52:25','2019-08-16 15:32:31','2021-03-16 15:52:25'),(46,79,2,'2012-07-08 07:27:41','2013-07-09 22:24:01','2019-12-27 23:07:26','2021-03-16 15:51:10'),(48,18,2,'2020-07-25 03:48:59','2021-03-16 15:52:25','2015-04-08 12:24:00','2021-03-16 15:52:25'),(48,48,1,'2017-02-03 17:18:49','2017-12-19 05:29:18','2013-09-16 20:00:32','2017-05-28 19:49:10'),(51,52,2,'2017-09-29 14:52:00','2021-03-16 15:52:25','2014-08-03 19:38:39','2021-03-16 15:52:25'),(53,70,3,'2016-10-17 11:21:01','2019-04-24 19:45:24','2015-05-08 17:40:43','2020-10-20 08:52:38'),(54,19,3,'2021-03-02 10:42:32','2021-03-16 15:52:25','2018-06-22 10:16:02','2021-03-16 15:52:25'),(54,46,3,'2015-03-04 18:27:51','2021-03-16 15:52:25','2013-10-08 10:37:45','2021-03-16 15:52:25'),(54,99,1,'2020-07-16 05:38:32','2021-03-16 15:52:25','2012-02-26 06:47:34','2021-03-16 15:52:25'),(55,16,3,'2018-06-03 02:17:44','2021-03-16 15:52:25','2015-03-03 22:39:00','2021-03-16 15:52:25'),(57,9,1,'2018-02-05 01:30:01','2021-03-16 15:52:25','2015-11-29 00:30:24','2021-03-16 15:52:25'),(57,27,2,'2017-11-17 16:12:06','2018-02-20 07:51:53','2016-12-27 18:24:34','2021-03-16 15:51:10'),(57,91,2,'2015-07-16 17:33:36','2016-05-28 17:28:15','2017-05-28 11:37:38','2021-03-16 15:51:10'),(59,58,1,'2015-02-10 02:26:16','2016-11-11 04:18:30','2020-04-16 13:46:14','2021-03-16 15:51:10'),(61,54,1,'2011-06-27 12:08:43','2019-03-25 00:55:13','2017-01-28 16:21:12','2017-12-17 20:25:28'),(61,70,1,'2011-11-10 18:18:58','2018-02-02 09:59:48','2019-10-18 10:53:31','2021-03-16 15:51:10'),(61,96,1,'2013-07-06 18:46:56','2017-04-14 23:57:47','2021-03-14 02:38:43','2021-03-16 15:51:10'),(62,21,2,'2020-05-02 06:42:55','2021-03-16 15:52:25','2012-05-20 09:12:27','2021-03-16 15:52:25'),(62,35,3,'2018-01-09 20:49:00','2021-03-16 15:52:25','2012-01-07 20:04:12','2021-03-16 15:52:25'),(62,36,2,'2019-05-24 07:14:41','2021-03-16 15:52:25','2018-04-01 15:47:59','2021-03-16 15:52:25'),(64,21,1,'2014-04-05 22:23:36','2021-03-16 15:52:25','2016-08-11 09:45:30','2021-03-16 15:52:25'),(65,63,1,'2016-01-03 12:45:03','2016-08-05 00:38:12','2017-03-11 20:50:04','2021-03-16 15:51:10'),(67,59,2,'2011-08-24 11:48:00','2020-07-10 17:09:11','2014-08-04 18:08:50','2019-12-28 12:55:52'),(67,96,2,'2014-07-28 09:03:34','2019-09-08 07:43:01','2019-01-16 10:12:00','2021-03-16 15:51:10'),(69,37,1,'2019-04-15 13:44:30','2021-03-16 15:52:25','2012-03-06 09:35:12','2021-03-16 15:52:25'),(70,2,3,'2016-06-01 03:49:16','2016-08-28 01:27:29','2014-06-24 22:12:16','2015-07-17 10:51:01'),(71,78,1,'2014-12-04 15:41:06','2014-12-13 18:10:44','2018-08-26 23:26:23','2021-03-16 15:51:10'),(72,7,3,'2015-08-25 07:33:17','2021-03-16 15:52:25','2014-04-25 02:49:25','2021-03-16 15:52:25'),(72,41,3,'2019-03-18 14:41:29','2020-12-16 12:17:14','2017-05-06 03:08:08','2019-08-08 00:01:05'),(72,54,3,'2015-02-07 18:39:45','2017-02-15 20:17:04','2017-05-16 18:07:42','2021-03-16 15:51:10'),(72,89,1,'2019-11-20 07:34:16','2021-03-16 15:52:25','2014-02-12 07:49:16','2021-03-16 15:52:25'),(72,97,2,'2011-10-28 15:03:44','2018-08-13 08:49:44','2015-08-09 22:29:55','2017-12-27 12:31:16'),(73,24,1,'2015-07-31 20:07:27','2018-04-02 03:43:25','2014-02-26 08:07:17','2021-03-16 15:51:10'),(74,27,3,'2016-07-11 21:09:38','2018-02-27 14:12:02','2011-10-30 11:21:38','2015-04-29 06:35:08'),(74,39,1,'2016-07-23 16:17:24','2018-03-06 10:51:37','2014-11-14 00:09:07','2020-12-18 06:35:38'),(74,83,2,'2020-04-30 21:00:11','2021-03-16 15:52:25','2013-03-25 14:11:51','2021-03-16 15:52:25'),(75,31,3,'2017-02-20 13:26:45','2021-03-16 15:52:25','2019-08-07 12:46:41','2021-03-16 15:52:25'),(75,69,3,'2019-02-13 06:37:54','2021-03-16 15:52:25','2017-06-24 19:40:47','2021-03-16 15:52:25'),(77,13,1,'2013-06-12 17:13:57','2019-05-06 00:37:47','2012-06-18 21:51:20','2014-08-31 06:21:11'),(77,24,1,'2015-02-18 00:48:36','2015-10-19 10:23:30','2021-02-22 20:51:05','2021-03-16 15:51:10'),(79,26,3,'2016-11-09 21:01:35','2021-03-16 15:52:25','2020-04-28 22:32:33','2021-03-16 15:52:25'),(81,22,1,'2016-07-16 05:15:32','2016-12-20 03:16:44','2015-01-31 06:26:22','2019-09-06 05:05:49'),(81,28,1,'2019-09-01 02:42:28','2021-03-16 15:52:25','2012-09-25 13:35:30','2021-03-16 15:52:25'),(82,73,3,'2011-07-04 07:43:28','2018-02-09 14:11:59','2016-11-13 23:16:26','2017-03-31 06:38:39'),(83,26,3,'2018-12-14 03:36:13','2021-03-16 15:52:25','2013-06-23 14:49:17','2021-03-16 15:52:25'),(84,27,3,'2015-10-28 18:43:56','2021-03-16 15:52:25','2018-03-18 01:15:38','2021-03-16 15:52:25'),(84,39,1,'2014-09-23 17:48:35','2020-05-31 09:32:29','2011-04-02 06:12:35','2013-07-02 02:08:59'),(86,41,2,'2020-12-17 21:44:17','2021-03-16 15:52:25','2013-10-08 17:13:13','2021-03-16 15:52:25'),(87,90,1,'2015-07-18 16:20:54','2021-03-16 15:52:25','2018-02-09 11:49:16','2021-03-16 15:52:25'),(88,91,1,'2019-01-12 04:24:03','2021-03-16 15:52:25','2015-11-26 17:26:25','2021-03-16 15:52:25'),(89,72,2,'2015-05-08 17:17:25','2020-07-10 02:06:33','2021-02-14 21:55:53','2021-03-16 15:51:10'),(89,91,3,'2018-12-13 20:18:22','2021-03-16 15:52:25','2018-08-16 06:21:41','2021-03-16 15:52:25'),(90,81,2,'2020-10-08 17:56:17','2021-03-16 15:52:25','2013-03-16 11:40:24','2021-03-16 15:52:25'),(91,43,2,'2016-12-29 10:25:18','2021-03-16 15:52:25','2015-06-20 15:02:48','2021-03-16 15:52:25'),(92,77,3,'2014-10-11 13:58:19','2014-12-12 07:52:18','2012-12-29 03:21:58','2015-05-16 12:01:43'),(93,13,1,'2015-06-10 00:16:05','2016-10-18 15:25:22','2020-02-18 21:41:50','2021-02-05 10:46:46'),(94,77,3,'2019-01-28 06:36:20','2021-03-16 15:52:25','2017-08-10 21:36:14','2021-03-16 15:52:25'),(94,96,2,'2015-10-09 00:30:44','2021-03-16 15:52:25','2012-09-18 05:37:11','2021-03-16 15:52:25'),(96,20,2,'2018-05-28 23:28:51','2019-07-24 16:10:43','2015-01-02 09:01:57','2016-11-23 16:12:20'),(98,13,1,'2018-07-16 22:13:25','2021-03-16 15:52:25','2012-02-26 09:33:09','2021-03-16 15:52:25'),(99,37,1,'2019-02-20 20:12:54','2021-03-16 15:52:25','2019-10-28 15:45:44','2021-03-16 15:52:25'),(99,93,2,'2020-12-06 20:37:02','2021-03-16 15:52:25','2019-06-11 18:50:05','2021-03-16 15:52:25');
/*!40000 ALTER TABLE `followers` ENABLE KEYS */;
UNLOCK TABLES;

--
-- Table structure for table `followers_statuses`
--

DROP TABLE IF EXISTS `followers_statuses`;
/*!40101 SET @saved_cs_client     = @@character_set_client */;
/*!50503 SET character_set_client = utf8mb4 */;
CREATE TABLE `followers_statuses` (
  `id` int unsigned NOT NULL AUTO_INCREMENT COMMENT 'Идентификатор строки',
  `name` varchar(150) CHARACTER SET utf8mb4 COLLATE utf8mb4_unicode_ci NOT NULL COMMENT 'Название статуса',
  `created_at` datetime DEFAULT CURRENT_TIMESTAMP COMMENT 'Время создания строки',
  `updated_at` datetime DEFAULT CURRENT_TIMESTAMP ON UPDATE CURRENT_TIMESTAMP COMMENT 'Время обновления строки',
  PRIMARY KEY (`id`),
  UNIQUE KEY `name` (`name`)
) ENGINE=InnoDB AUTO_INCREMENT=4 DEFAULT CHARSET=utf8mb4 COLLATE=utf8mb4_unicode_ci COMMENT='Статусы подписки';
/*!40101 SET character_set_client = @saved_cs_client */;

--
-- Dumping data for table `followers_statuses`
--

LOCK TABLES `followers_statuses` WRITE;
/*!40000 ALTER TABLE `followers_statuses` DISABLE KEYS */;
INSERT INTO `followers_statuses` VALUES (1,'REJECTED','2021-03-16 15:57:52','2021-03-16 15:57:52'),(2,'CONFIRMED','2021-03-16 15:57:52','2021-03-16 15:57:52'),(3,'REQUESTED','2021-03-16 15:57:52','2021-03-16 15:57:52');
/*!40000 ALTER TABLE `followers_statuses` ENABLE KEYS */;
UNLOCK TABLES;

--
-- Table structure for table `likes`
--

DROP TABLE IF EXISTS `likes`;
/*!40101 SET @saved_cs_client     = @@character_set_client */;
/*!50503 SET character_set_client = utf8mb4 */;
CREATE TABLE `likes` (
  `id` int unsigned NOT NULL AUTO_INCREMENT COMMENT 'Идентификатор сроки',
  `user_id` int unsigned NOT NULL COMMENT 'Ссылка на пользователя',
  `post_id` int unsigned NOT NULL COMMENT 'Ссылка на пост',
  `created_at` datetime DEFAULT CURRENT_TIMESTAMP,
  PRIMARY KEY (`id`),
  KEY `likes_user_id_fk` (`user_id`),
  KEY `likes_post_id_fk` (`post_id`),
  CONSTRAINT `likes_post_id_fk` FOREIGN KEY (`post_id`) REFERENCES `posts` (`id`) ON DELETE CASCADE,
  CONSTRAINT `likes_user_id_fk` FOREIGN KEY (`user_id`) REFERENCES `users` (`id`) ON DELETE CASCADE
) ENGINE=InnoDB AUTO_INCREMENT=101 DEFAULT CHARSET=utf8mb4 COLLATE=utf8mb4_unicode_ci COMMENT='Лайки постов';
/*!40101 SET character_set_client = @saved_cs_client */;

--
-- Dumping data for table `likes`
--

LOCK TABLES `likes` WRITE;
/*!40000 ALTER TABLE `likes` DISABLE KEYS */;
INSERT INTO `likes` VALUES (1,10,83,'2017-12-15 22:35:28'),(2,22,99,'2018-03-11 13:06:20'),(3,100,83,'2011-05-02 21:23:49'),(4,9,34,'2020-01-15 06:54:03'),(5,75,2,'2013-03-25 22:37:01'),(6,66,67,'2020-05-19 19:55:52'),(7,7,5,'2017-05-13 08:57:18'),(8,9,45,'2016-07-15 18:45:41'),(9,45,19,'2016-10-14 04:31:44'),(10,57,80,'2019-05-17 04:13:38'),(11,18,71,'2017-12-31 20:59:57'),(12,69,41,'2020-02-26 08:23:14'),(13,91,97,'2015-05-07 19:49:44'),(14,11,36,'2018-02-14 21:45:47'),(15,47,18,'2018-10-17 02:52:39'),(16,77,83,'2015-11-21 12:32:30'),(17,93,16,'2014-05-30 12:40:45'),(18,75,40,'2016-09-21 10:52:20'),(19,63,99,'2014-10-15 16:16:30'),(20,4,50,'2017-03-18 00:27:05'),(21,87,54,'2018-12-10 14:23:15'),(22,79,14,'2016-07-02 05:15:37'),(23,5,85,'2018-07-08 18:45:56'),(24,84,73,'2014-08-31 07:30:51'),(25,1,19,'2017-12-17 01:20:33'),(26,46,32,'2011-04-24 23:24:00'),(27,20,54,'2020-07-08 10:46:22'),(28,42,49,'2015-11-27 12:38:45'),(29,23,63,'2014-04-07 13:55:25'),(30,7,49,'2021-01-09 19:38:00'),(31,84,14,'2018-02-14 14:06:05'),(32,90,30,'2015-06-25 16:17:33'),(33,46,25,'2020-01-29 06:23:42'),(34,93,61,'2015-10-29 17:14:28'),(35,61,2,'2014-10-25 20:32:38'),(36,41,81,'2012-08-24 06:27:59'),(37,74,99,'2018-11-12 12:21:44'),(38,41,6,'2016-05-21 01:28:35'),(39,76,16,'2012-01-15 23:09:47'),(40,8,78,'2016-07-13 11:15:21'),(41,1,8,'2016-12-21 17:24:49'),(42,22,83,'2017-02-26 08:45:58'),(43,48,74,'2016-10-10 19:06:38'),(44,29,4,'2013-10-11 04:43:59'),(45,51,4,'2013-06-21 11:35:38'),(46,83,54,'2019-04-10 20:30:53'),(47,57,89,'2014-02-10 08:39:12'),(48,57,47,'2019-04-04 08:03:39'),(49,53,67,'2017-04-30 12:57:48'),(50,30,37,'2014-04-03 22:23:11'),(51,11,97,'2014-03-27 14:12:06'),(52,63,95,'2014-09-18 18:36:37'),(53,54,44,'2011-08-20 15:10:02'),(54,7,98,'2017-02-28 03:51:35'),(55,70,37,'2017-02-27 19:36:49'),(56,80,31,'2015-04-11 00:13:09'),(57,11,42,'2020-02-27 03:43:28'),(58,86,61,'2020-07-04 04:24:48'),(59,59,36,'2013-12-24 03:55:36'),(60,85,23,'2014-02-22 19:42:54'),(61,95,71,'2013-03-06 17:55:29'),(62,69,16,'2019-07-08 20:31:16'),(63,55,86,'2014-12-01 05:11:06'),(64,16,60,'2018-05-18 13:24:03'),(65,96,16,'2017-03-22 16:28:50'),(66,86,90,'2016-07-16 11:32:03'),(67,15,80,'2011-12-18 23:21:07'),(68,8,10,'2016-09-09 02:36:05'),(69,39,92,'2020-06-18 16:23:51'),(70,17,42,'2012-11-20 10:04:48'),(71,73,75,'2018-03-12 15:39:31'),(72,65,80,'2019-01-04 17:41:07'),(73,36,24,'2015-12-02 08:32:01'),(74,35,84,'2017-06-21 04:28:47'),(75,20,45,'2013-06-16 15:04:50'),(76,57,52,'2012-07-04 18:57:54'),(77,15,78,'2012-09-09 20:15:47'),(78,62,66,'2013-07-26 04:19:05'),(79,35,28,'2011-05-26 04:55:45'),(80,98,70,'2014-07-26 13:15:13'),(81,92,17,'2015-09-02 04:16:20'),(82,98,71,'2017-07-15 07:25:45'),(83,95,21,'2013-12-18 06:05:04'),(84,20,98,'2012-07-13 21:23:26'),(85,29,91,'2019-08-12 10:19:57'),(86,11,45,'2011-07-17 06:06:20'),(87,75,17,'2020-03-15 12:39:39'),(88,44,5,'2015-03-31 06:47:01'),(89,78,29,'2012-04-20 09:12:06'),(90,30,98,'2012-10-20 16:04:39'),(91,83,72,'2017-11-27 15:27:09'),(92,33,77,'2020-10-31 07:38:17'),(93,34,74,'2013-08-29 16:54:45'),(94,41,16,'2014-02-01 23:26:38'),(95,54,31,'2015-08-21 05:32:12'),(96,66,96,'2020-07-05 18:26:51'),(97,90,36,'2020-11-11 04:31:14'),(98,63,97,'2019-09-07 18:57:36'),(99,89,76,'2017-10-07 15:38:37'),(100,72,47,'2014-01-21 23:24:07');
/*!40000 ALTER TABLE `likes` ENABLE KEYS */;
UNLOCK TABLES;

--
-- Table structure for table `media_types`
--

DROP TABLE IF EXISTS `media_types`;
/*!40101 SET @saved_cs_client     = @@character_set_client */;
/*!50503 SET character_set_client = utf8mb4 */;
CREATE TABLE `media_types` (
  `id` int unsigned NOT NULL AUTO_INCREMENT COMMENT 'Идентификатор строки',
  `name` varchar(255) CHARACTER SET utf8mb4 COLLATE utf8mb4_unicode_ci NOT NULL COMMENT 'Название типа',
  `created_at` datetime DEFAULT CURRENT_TIMESTAMP COMMENT 'Время создания строки',
  `updated_at` datetime DEFAULT CURRENT_TIMESTAMP ON UPDATE CURRENT_TIMESTAMP COMMENT 'Время обновления строки',
  PRIMARY KEY (`id`),
  UNIQUE KEY `name` (`name`)
) ENGINE=InnoDB AUTO_INCREMENT=5 DEFAULT CHARSET=utf8mb4 COLLATE=utf8mb4_unicode_ci COMMENT='Типы медиафайлов';
/*!40101 SET character_set_client = @saved_cs_client */;

--
-- Dumping data for table `media_types`
--

LOCK TABLES `media_types` WRITE;
/*!40000 ALTER TABLE `media_types` DISABLE KEYS */;
INSERT INTO `media_types` VALUES (1,'HISTORY','2021-03-16 15:59:38','2021-03-16 15:59:38'),(2,'IGTV','2021-03-16 15:59:38','2021-03-16 15:59:38'),(3,'PHOTO','2021-03-16 15:59:38','2021-03-16 15:59:38'),(4,'VIDEO','2021-03-16 15:59:38','2021-03-16 15:59:38');
/*!40000 ALTER TABLE `media_types` ENABLE KEYS */;
UNLOCK TABLES;

--
-- Table structure for table `messages`
--

DROP TABLE IF EXISTS `messages`;
/*!40101 SET @saved_cs_client     = @@character_set_client */;
/*!50503 SET character_set_client = utf8mb4 */;
CREATE TABLE `messages` (
  `id` int unsigned NOT NULL AUTO_INCREMENT COMMENT 'Идентификатор строки',
  `from_user_id` int unsigned NOT NULL COMMENT 'Ссылка на отправителя сообщения',
  `to_user_id` int unsigned NOT NULL COMMENT 'Ссылка на получателя сообщения',
  `body` text CHARACTER SET utf8mb4 COLLATE utf8mb4_unicode_ci NOT NULL COMMENT 'Текст сообщения',
  `is_read` tinyint(1) DEFAULT NULL COMMENT 'Признак прочитанности',
  `is_delivered` tinyint(1) DEFAULT NULL COMMENT 'Признак доставки',
  `created_at` datetime DEFAULT CURRENT_TIMESTAMP COMMENT 'Время создания строки',
  PRIMARY KEY (`id`),
  KEY `messages_from_user_id_fk` (`from_user_id`),
  KEY `messages_to_user_id_fk` (`to_user_id`),
  CONSTRAINT `messages_from_user_id_fk` FOREIGN KEY (`from_user_id`) REFERENCES `users` (`id`) ON DELETE CASCADE,
  CONSTRAINT `messages_to_user_id_fk` FOREIGN KEY (`to_user_id`) REFERENCES `users` (`id`) ON DELETE CASCADE
) ENGINE=InnoDB AUTO_INCREMENT=101 DEFAULT CHARSET=utf8mb4 COLLATE=utf8mb4_unicode_ci COMMENT='Сообщения';
/*!40101 SET character_set_client = @saved_cs_client */;

--
-- Dumping data for table `messages`
--

LOCK TABLES `messages` WRITE;
/*!40000 ALTER TABLE `messages` DISABLE KEYS */;
INSERT INTO `messages` VALUES (1,85,70,'Doloribus ducimus vel ut autem dignissimos necessitatibus blanditiis non. Architecto modi explicabo veritatis voluptatem laboriosam quia. Assumenda consequatur assumenda suscipit culpa sunt rem quia.',1,1,'2013-09-02 02:45:12'),(2,95,12,'Consequatur autem expedita libero velit occaecati reiciendis fuga. A nesciunt ut quam. Nam aliquam quas ipsa recusandae cum eos porro at.',0,0,'2018-01-08 16:34:25'),(3,7,10,'Veritatis quae suscipit iusto at eos distinctio nihil. Recusandae et laudantium possimus quis at voluptatem. Hic deserunt officia est ad. Odit sit odit non ut dignissimos nobis.',1,1,'2012-07-08 01:04:42'),(4,3,54,'Ipsam facilis error autem et impedit voluptates architecto. Sunt aut deserunt error qui. Minima maiores suscipit tempora autem minima repudiandae. Saepe neque vel ab et minima dolor voluptatibus recusandae.',1,1,'2012-09-15 03:50:28'),(5,73,76,'Fugit et exercitationem ratione temporibus dolore quos ab. Minima possimus enim reiciendis sed totam. Fugiat molestiae voluptas voluptate ea animi. Iure labore laudantium unde velit.',1,1,'2016-09-27 17:23:20'),(6,32,90,'Sunt repellendus sit aut ut accusamus totam nemo. Ex aut aliquam iusto laudantium. Ea rem fugiat vel quo voluptatem reiciendis. Doloribus enim consequuntur sed quasi sint.',1,1,'2021-02-01 18:03:32'),(7,27,92,'Fugiat magnam aliquam reprehenderit officiis veniam ea delectus. Amet qui sed error explicabo eos.',1,0,'2019-10-07 07:26:10'),(8,30,99,'Tempore ex qui veritatis odit provident non. Nisi nulla est fugiat voluptates. Quos veniam sit id explicabo et quo. Esse dolore inventore est sed eos. Et voluptas natus quas dolores totam et.',0,0,'2016-01-10 14:07:55'),(9,91,31,'Sint sequi quia ab et non non et unde. Consectetur id voluptas atque molestiae reiciendis suscipit qui. Minima accusantium facilis exercitationem libero. Consequuntur impedit amet ut excepturi quaerat.',1,0,'2014-08-02 02:10:12'),(10,100,58,'Voluptatem blanditiis rerum aperiam. Est laudantium laboriosam ut est ut. Distinctio quam amet odio sapiente. Aut maxime molestiae iste praesentium sint.',0,0,'2016-11-03 11:08:55'),(11,47,20,'Consectetur maiores itaque soluta a cumque eos deleniti. Aperiam enim omnis eum. Iste voluptatem aut blanditiis sed laborum similique. Nihil hic dicta molestiae consequatur modi quibusdam et.',1,0,'2014-02-08 15:58:52'),(12,58,75,'Eligendi commodi impedit aut voluptatem non voluptatem dolor corrupti. Qui non tempore voluptatibus aliquid cumque. Eum vitae fugit omnis hic. Sunt consequatur ab assumenda dolorem.',0,1,'2017-09-23 09:46:31'),(13,88,58,'Cum dolorem et ipsum beatae et ipsa dolor. Qui voluptas quibusdam quis vel nesciunt doloribus dolor aspernatur. Et recusandae quas possimus cupiditate eaque id. Excepturi et quo voluptas iusto asperiores corrupti corporis.',0,0,'2019-08-07 20:02:58'),(14,81,35,'Non nemo nemo quasi consequatur. Quis expedita harum nulla. Temporibus unde voluptatem iste error et recusandae nobis.',0,1,'2020-06-05 17:40:04'),(15,18,83,'Quia aut in et aut. Odit voluptatem hic totam et neque est. Est est animi dicta ducimus corporis ipsam rerum. Voluptas est impedit delectus officia sed et sint.',1,1,'2015-08-14 18:14:10'),(16,42,15,'Sequi facilis libero ut delectus. Expedita magni numquam est in. Nihil cumque dignissimos tempore repudiandae iusto ut quaerat. Dolore ut quos sapiente.',1,1,'2016-07-17 11:03:41'),(17,63,38,'Tempore labore consequatur sed quis molestiae aperiam dolorem enim. Quam dolorum aut illo nihil. Nesciunt mollitia rerum voluptas cupiditate.',1,0,'2018-01-15 23:17:40'),(18,16,8,'Ducimus iusto mollitia quidem incidunt est. Voluptatem veniam et maxime dolorum fugit iure dolorem. Ut ullam asperiores fugiat qui et error qui. Amet laudantium sequi iure.',1,1,'2014-08-16 19:33:40'),(19,1,52,'Officia non reiciendis a enim sint. Distinctio ut blanditiis dolore. Nulla voluptas eos temporibus et veniam sint. Aliquid ullam cumque sit sint ad qui et. Voluptate incidunt magnam deserunt quia debitis ad facilis.',1,0,'2021-03-11 20:53:07'),(20,35,24,'Aliquid nam eius ipsum sed magnam tenetur. Recusandae voluptatibus a non.',1,0,'2018-12-30 22:03:32'),(21,50,40,'Et voluptates eligendi ea magni. Alias distinctio nobis doloremque qui illum odit aut. Aliquam nobis voluptatibus vitae est quis id non provident.',0,1,'2014-01-08 19:01:43'),(22,25,46,'Possimus possimus qui saepe molestias aut. Deleniti nihil sit earum excepturi. Nesciunt ducimus ducimus architecto consequatur. Ipsam praesentium porro tenetur nemo officia et consequatur.',1,1,'2019-12-18 18:32:39'),(23,13,19,'Consequatur hic perferendis cum labore nostrum. Et qui vel soluta qui qui repellendus suscipit maiores. Cum rerum exercitationem ex dolor atque quo cumque. Accusantium ad exercitationem vero et.',0,1,'2016-02-05 08:21:03'),(24,67,47,'Perspiciatis enim eveniet autem porro exercitationem. Ipsum nulla sequi ipsam cupiditate. Consequatur esse ullam et asperiores est quis id.',0,1,'2020-04-01 09:42:37'),(25,73,58,'Commodi quo et blanditiis qui sequi qui non. Autem est aut voluptates ut enim impedit voluptatum. Dolores quia sapiente maiores in voluptate.',0,1,'2014-08-26 02:49:35'),(26,82,79,'Nostrum qui alias a perferendis labore et doloremque repellat. Dolor asperiores quis eaque laboriosam eos. Beatae dolore dolorum velit.',0,1,'2013-03-31 23:02:04'),(27,66,99,'Ut amet perferendis maxime corrupti ipsa fugit. Dolores laborum et dolorum ab est quod in. Ex nulla possimus ut.',0,1,'2014-01-20 03:19:53'),(28,77,23,'Aut provident sit hic omnis ea reprehenderit. Earum minima quia nulla quis.',1,1,'2014-05-10 11:50:49'),(29,76,16,'Perferendis quia velit adipisci et. Molestias at ut voluptas consectetur et voluptate. Cumque sunt omnis error nisi est omnis. Et enim labore architecto corrupti.',0,1,'2017-08-03 23:19:22'),(30,76,5,'Nostrum numquam libero officiis. Debitis consequatur sequi aut eum commodi sit soluta dolores. Officia non ea sed veniam.',1,0,'2019-01-21 08:15:14'),(31,77,98,'Dolor ipsum cupiditate eum ut nihil veritatis enim. Veniam dolores eum ducimus nulla. Animi a praesentium sed dicta provident quisquam aliquid.',0,1,'2017-10-16 01:04:33'),(32,90,26,'Nisi odit autem est qui. Dolorum tempora voluptas aut et debitis. Maxime saepe dolorem excepturi tempora labore. Illo commodi commodi adipisci sunt ad et.',1,1,'2018-03-12 04:32:12'),(33,58,54,'Doloribus voluptas fugiat et cum. In sunt molestiae veniam ad minima incidunt. Distinctio sunt tempore debitis blanditiis. Velit soluta necessitatibus quae quod a quis optio a. Numquam quam et aut.',0,0,'2015-02-12 07:58:34'),(34,43,79,'Et ea recusandae et aut dignissimos. Nostrum ut rerum odit qui illo.',0,1,'2016-12-05 07:20:02'),(35,35,28,'Ullam accusantium temporibus dolorem accusantium ratione. Perferendis autem voluptates quaerat suscipit. Dolor neque in atque possimus voluptate voluptatem nesciunt. Placeat et hic sapiente ipsam nostrum.',0,1,'2012-03-15 12:12:46'),(36,81,40,'Atque qui fugiat quidem at. Corporis veritatis ratione excepturi qui.',0,1,'2012-10-16 19:42:40'),(37,41,51,'Ut ratione incidunt quia eligendi unde et voluptates. Quae quis minima rerum temporibus. Reprehenderit labore rerum est laudantium minus nisi. Omnis tempore doloribus cum.',0,0,'2015-07-21 21:45:49'),(38,43,71,'Vel commodi animi et dolorem est. Exercitationem assumenda in illo cum ipsum molestias. Eum est est repellendus quo earum recusandae consectetur.',1,1,'2018-11-14 03:10:11'),(39,85,9,'Fugiat vel incidunt itaque dolores esse similique non et. Odit odio sunt accusantium recusandae illo sapiente. Sunt suscipit omnis aliquid ducimus molestias repudiandae similique placeat. Nihil numquam harum voluptatibus provident. Laboriosam dignissimos blanditiis sunt reprehenderit.',0,0,'2016-03-20 20:57:11'),(40,55,84,'Distinctio quos rerum aliquid nam amet nisi et. Omnis sit ut eligendi aut aut soluta iure. Excepturi animi labore voluptatibus tempora. Laboriosam ab qui recusandae ratione.',1,0,'2011-10-29 15:10:45'),(41,54,11,'Voluptatem enim et quos. Sunt odio illo necessitatibus in. Est magni mollitia aliquid quaerat quibusdam velit. Modi qui consequatur ad architecto.',1,0,'2014-10-04 12:45:42'),(42,83,63,'Exercitationem et exercitationem vero temporibus. Quod quaerat pariatur pariatur. Praesentium repudiandae ullam reprehenderit placeat sit. Ea aut culpa fuga quo praesentium asperiores neque. Doloribus distinctio voluptatibus quae deleniti ducimus eum.',1,1,'2019-02-21 01:54:14'),(43,77,42,'Aliquid aliquid est sit sint. Aut velit consequuntur quis voluptatum officia. Sint consequatur cupiditate iure consequuntur magnam dolores. Architecto qui ea eos qui doloribus eos quas sint.',0,1,'2019-08-17 13:37:41'),(44,82,47,'Rem eum omnis dolores impedit qui sed. Voluptatem voluptas sint nisi est eum cupiditate. Sint accusamus voluptatem ea accusantium est ab ducimus.',0,0,'2011-07-04 02:51:06'),(45,91,79,'Dolorum corrupti repudiandae et ex. Eos est aliquam nihil voluptatum harum officia omnis. Quia eum inventore aut earum qui et.',0,0,'2011-05-03 10:04:10'),(46,11,51,'Fugiat rerum eaque eius. Labore ad mollitia dolores excepturi deserunt voluptas. Recusandae exercitationem eum vel. Sed reprehenderit natus omnis assumenda eligendi.',1,1,'2020-10-25 13:24:55'),(47,13,96,'Quia et id eum et in ut voluptatibus. Error officiis quisquam necessitatibus est nam dolor veniam. Velit corrupti est possimus quae dolores.',1,1,'2019-10-10 14:16:17'),(48,57,35,'Voluptatem eos voluptatem distinctio vel reiciendis. Voluptatem enim reprehenderit labore possimus debitis. Voluptates adipisci corporis sint ducimus sed consequatur minus. Natus dolor et tenetur et placeat.',0,1,'2016-03-09 02:02:09'),(49,84,97,'Quis dolorum magnam quisquam. Sequi molestiae neque excepturi esse sunt est. Laudantium voluptates neque numquam rerum.',0,0,'2013-09-27 08:03:47'),(50,24,29,'Omnis mollitia excepturi possimus adipisci soluta mollitia corrupti. Ipsa eum quidem et fugiat voluptatem omnis sit non. A eos culpa rem tenetur dignissimos ut.',1,0,'2015-05-27 15:26:40'),(51,35,24,'Minima distinctio esse qui aut. Molestiae veniam ut delectus voluptatem esse quasi labore. Nam ipsam omnis ab et. Assumenda consequatur occaecati non quis perspiciatis. Doloribus maiores qui eveniet aut voluptatibus.',1,0,'2016-08-27 23:04:12'),(52,97,93,'Aut nihil quaerat sed odio aut assumenda quos voluptate. Sit iste libero dolores vitae aut culpa. Alias cupiditate quasi perferendis eaque.',1,0,'2013-10-17 18:28:18'),(53,67,23,'Et et quia inventore. Possimus doloremque incidunt fuga quidem asperiores optio est. Sed autem dolore voluptatem eos. Cumque maxime deleniti est.',0,0,'2020-11-12 15:28:01'),(54,5,28,'Qui ut dolorem qui qui excepturi laboriosam eveniet. Ut fuga sunt aut optio quas. Et voluptatem enim impedit voluptatem et est.',0,1,'2012-06-19 15:18:54'),(55,51,72,'Dolorem nobis autem ut et quia ipsum. Labore neque sed magni. Id perspiciatis et est voluptatem animi minima exercitationem omnis.',0,0,'2012-05-15 15:51:54'),(56,38,47,'Est labore dolore omnis ea modi qui eaque ipsum. Sit quisquam necessitatibus ut quo consequatur qui illum. Dolore dolorum aspernatur quidem ratione ducimus.',1,1,'2014-11-03 00:36:42'),(57,30,24,'Repudiandae voluptatibus nulla quasi ullam illo deserunt. Dicta tempore unde rem modi excepturi. Eos soluta voluptatem officia autem odit ut aut.',0,0,'2015-10-31 03:28:40'),(58,75,35,'Ullam voluptatem voluptas minima assumenda fugiat aut at velit. At sed consequatur perspiciatis inventore officia. Libero qui magnam est ut enim non suscipit.',0,0,'2014-05-25 08:37:17'),(59,30,34,'Quos natus et nisi expedita. Neque praesentium officia quibusdam quas reiciendis. Ad nemo qui ex recusandae et rerum magni sequi. Nihil commodi quaerat sit voluptas incidunt.',1,1,'2018-11-05 15:24:38'),(60,10,19,'Nihil eum provident perspiciatis laboriosam consequatur excepturi. Ipsam est maxime cumque similique cupiditate deserunt non. Voluptas mollitia quam asperiores ratione excepturi est.',0,1,'2017-12-19 19:18:47'),(61,27,34,'Dolorem possimus animi laboriosam doloremque enim. Voluptas dignissimos vel a dolorum. Natus laboriosam perferendis odio distinctio quis id ea. Earum officia repudiandae laboriosam voluptates doloribus ut.',1,1,'2017-12-15 19:44:03'),(62,60,58,'Totam perferendis corrupti eius. Et ut aspernatur aut molestias. A fugiat natus sunt aspernatur reiciendis.',1,1,'2016-07-24 23:14:39'),(63,78,78,'Dicta sit quod veniam et veritatis. Debitis inventore consequatur dolorem. Omnis iusto voluptates ratione explicabo fugiat est repudiandae delectus.',0,0,'2018-10-14 03:21:10'),(64,76,45,'Magni id illum sunt autem ut facere. Perferendis quidem nobis eaque debitis cupiditate. Necessitatibus et quidem eos quia. Iste quo ut quia laudantium facere et.',1,1,'2013-05-15 09:42:22'),(65,52,88,'Iste qui soluta quia rem. Repellendus sequi explicabo dolores modi dolorum quam est qui. Aut dolore qui totam et voluptatum consequatur molestias.',0,0,'2012-09-12 12:45:06'),(66,30,71,'Animi quia voluptatum ea vero vero. Sit qui ducimus magni veniam possimus earum labore. Numquam alias maxime deleniti ducimus sed. Aspernatur ea similique voluptas ex debitis qui minus commodi.',0,0,'2019-03-26 05:52:20'),(67,59,32,'Quia numquam consequatur ut quae ut suscipit aut. Aut quas qui minima est.',0,1,'2018-06-16 03:53:32'),(68,76,83,'Provident nemo debitis atque voluptatem. Quisquam eum sint sed voluptas sit id nihil. A tempore quod sit et autem. Reprehenderit quae tenetur quia rem necessitatibus nihil voluptas.',0,1,'2012-04-10 10:40:38'),(69,45,71,'Quasi asperiores necessitatibus quia exercitationem numquam. Vel quod nulla illo laboriosam. Enim nihil laborum accusantium libero maxime.',1,1,'2017-07-27 14:14:11'),(70,50,20,'Et dignissimos nostrum id exercitationem expedita suscipit qui. Et minima omnis est aliquam necessitatibus amet molestiae voluptatum. Aut autem ducimus consequatur consectetur voluptas ea vitae.',1,0,'2012-06-21 19:18:28'),(71,71,20,'Exercitationem corrupti nesciunt ea fugiat. Id dolorem distinctio explicabo et alias nemo et. Dolore impedit adipisci dolorem dolor. Minima quia quaerat magni facere.',0,0,'2020-08-31 18:41:27'),(72,95,27,'Rerum officia autem enim. Culpa eius qui consequatur eos et.',0,1,'2017-01-04 12:59:57'),(73,54,20,'Totam nobis cum eius quibusdam omnis explicabo. Mollitia omnis aut pariatur ut velit.',0,1,'2011-06-05 04:30:53'),(74,49,9,'In aut blanditiis ut amet iste fugit. Amet vitae eaque repellendus. Mollitia voluptatum nostrum qui earum nesciunt voluptas totam.',1,1,'2013-08-19 07:24:31'),(75,95,13,'Unde vero occaecati dolore eaque perspiciatis possimus. Odit consectetur sunt libero ut modi ipsum deserunt. Qui aut nihil mollitia aut enim.',0,0,'2016-12-06 18:54:51'),(76,30,67,'Sed consequuntur maiores dolorem expedita sit. Et est in saepe. Facere numquam quis quidem.',0,1,'2019-08-16 15:17:05'),(77,90,54,'Sapiente ad quisquam at autem. Maiores laudantium debitis quas. Molestiae fugit ut beatae molestiae reprehenderit quasi. Incidunt quod sit mollitia vero ratione illum.',1,0,'2021-01-20 13:26:55'),(78,81,14,'Hic quos sed dicta laborum a. Inventore corporis officiis quae earum. Voluptas quaerat earum commodi sapiente amet ullam. Dolorem laudantium quia similique est eaque qui consequatur.',0,0,'2019-09-01 00:07:17'),(79,61,54,'Fugiat temporibus officiis id debitis laboriosam est. Consequatur a ab fuga iusto quo aliquid. Eaque pariatur officiis cum nemo in at quod.',1,0,'2018-12-16 16:06:48'),(80,7,21,'Sed voluptatum non aut rerum sed id suscipit sed. Aut autem minima expedita consequatur. Eos tempora corrupti aperiam aperiam in dolor. Consequatur vel dolores et aperiam sed quia aut.',1,1,'2019-06-13 21:01:02'),(81,73,30,'Accusantium provident tenetur quos cum. Est beatae quibusdam consequatur quis.',0,0,'2016-09-10 06:44:06'),(82,75,34,'Aut non nemo aut possimus id dolor vitae. Nisi veniam et est itaque vel eos doloribus porro. Quis possimus dolores nobis dolor hic odit. Aut eos quasi non aliquid doloribus.',0,0,'2012-05-30 18:45:53'),(83,5,44,'Pariatur non quia optio ad nam omnis. Possimus assumenda laboriosam iusto laudantium odit. Atque dicta ut laudantium velit voluptas consequatur illum in.',0,0,'2017-09-12 12:31:49'),(84,43,67,'Velit eum ratione commodi tenetur cumque. Id provident earum vero et odio rerum. Cum repellendus in eveniet expedita repellendus id neque eum.',0,1,'2012-05-31 22:55:34'),(85,2,63,'Aperiam inventore ut magnam quia dolorum. Ut necessitatibus est quia neque. Officiis quidem autem placeat omnis sint.',1,0,'2012-12-11 06:47:20'),(86,37,63,'Doloremque quia aut vitae illum nemo facilis accusantium. Molestiae quis itaque ut. Esse perferendis sapiente quia ipsum. Quasi totam omnis odio. Sequi accusantium ut non asperiores quos.',1,1,'2020-04-27 02:34:31'),(87,45,64,'Corporis sint qui dolor ipsam aspernatur aspernatur debitis. Distinctio eveniet consequatur possimus quaerat optio modi qui. Neque rerum suscipit odit voluptas rerum placeat.',1,1,'2020-12-07 07:32:57'),(88,93,98,'Iusto numquam nostrum aliquam ut sit et dolorem. Aut omnis libero voluptas. Mollitia voluptate quia dolorem illum repellendus repudiandae soluta.',1,1,'2018-12-06 02:28:15'),(89,45,87,'Similique officia repellendus qui a et. Voluptas quam aut laboriosam voluptates. Quasi voluptatem error enim nobis sit aut. Ut et placeat provident quaerat quasi.',0,1,'2018-02-06 07:41:58'),(90,76,48,'Voluptatem nisi itaque soluta sed odio. Reiciendis corporis nulla explicabo molestiae autem a vel. Et repellat voluptatem sunt in voluptatem.',0,0,'2016-02-11 06:02:06'),(91,30,56,'Distinctio qui quas mollitia. Id sit fugit ut non quidem ut debitis. Quia repellendus iste odio sit.',1,1,'2018-02-24 00:07:14'),(92,23,71,'Quia dicta voluptatum consequatur voluptatibus laudantium iusto. Nam placeat et quo vero aut commodi. Quisquam possimus occaecati sed vel et ut autem. Dolor neque quod accusantium laboriosam.',1,0,'2020-05-25 16:23:08'),(93,6,32,'Aut earum ullam officiis est. Occaecati fugiat alias rerum et provident. Aut aut ullam voluptas odio vel consectetur est eaque.',1,1,'2018-07-16 00:57:22'),(94,74,22,'Enim eos nulla est hic enim laboriosam. Sapiente nesciunt aut sed culpa. Voluptas voluptate illo cupiditate aut inventore nulla non. Dolorem cumque ratione nam nam ipsum nisi consequatur ducimus.',1,0,'2013-10-07 11:37:41'),(95,59,98,'At distinctio et esse earum est sit. Voluptate voluptas quia culpa et sequi. Placeat porro quas eligendi id sint rem dolorum quam.',0,1,'2018-02-17 23:20:22'),(96,46,61,'Sint perspiciatis et porro voluptatem quis nobis. Tenetur porro est natus tempora. Sint mollitia ut sit reiciendis. Eos vero fugiat similique sit nemo pariatur aperiam modi.',0,1,'2020-08-23 03:19:05'),(97,6,49,'Accusantium enim perspiciatis distinctio cumque sunt excepturi adipisci. Recusandae officia rerum quaerat. Illum aut aut quasi soluta ut. Et earum ut tenetur voluptas et temporibus.',0,1,'2014-07-11 01:30:43'),(98,77,8,'Qui qui omnis aliquid ipsa non velit. Commodi consequatur deleniti voluptatem enim nobis dicta. Aut accusantium ipsa et sint. Eos aut quas quasi enim vero dignissimos.',1,0,'2018-11-12 22:44:53'),(99,29,25,'Suscipit quasi voluptas et alias eum non. Temporibus est sit expedita quam id. Repellendus nisi quas tempore dignissimos ut ut. Consequatur quas dolorem ut est.',1,1,'2013-10-02 09:15:02'),(100,66,60,'Itaque vel ad et est sint. Quia iste aut aperiam maiores enim veritatis et impedit. In quisquam laudantium quisquam libero consequatur deserunt aliquid.',1,0,'2014-09-04 13:00:40');
/*!40000 ALTER TABLE `messages` ENABLE KEYS */;
UNLOCK TABLES;

--
-- Table structure for table `posts`
--

DROP TABLE IF EXISTS `posts`;
/*!40101 SET @saved_cs_client     = @@character_set_client */;
/*!50503 SET character_set_client = utf8mb4 */;
CREATE TABLE `posts` (
  `id` int unsigned NOT NULL AUTO_INCREMENT COMMENT 'Идентификатор сроки',
  `user_id` int unsigned NOT NULL COMMENT 'Ссылка на владельца поста',
  `filename` varchar(255) CHARACTER SET utf8mb4 COLLATE utf8mb4_unicode_ci NOT NULL COMMENT 'Путь к файлу',
  `body` text CHARACTER SET utf8mb4 COLLATE utf8mb4_unicode_ci COMMENT 'Подпись поста',
  `size` int NOT NULL COMMENT 'Размер файла',
  `media_type_id` int unsigned NOT NULL COMMENT 'Ссылка на тип контента',
  `created_at` datetime DEFAULT CURRENT_TIMESTAMP,
  `updated_at` datetime DEFAULT CURRENT_TIMESTAMP ON UPDATE CURRENT_TIMESTAMP,
  PRIMARY KEY (`id`),
  KEY `posts_user_id_fk` (`user_id`),
  KEY `posts_media_type_id_fk` (`media_type_id`),
  CONSTRAINT `posts_media_type_id_fk` FOREIGN KEY (`media_type_id`) REFERENCES `media_types` (`id`) ON DELETE CASCADE,
  CONSTRAINT `posts_user_id_fk` FOREIGN KEY (`user_id`) REFERENCES `users` (`id`) ON DELETE CASCADE
) ENGINE=InnoDB AUTO_INCREMENT=101 DEFAULT CHARSET=utf8mb4 COLLATE=utf8mb4_unicode_ci COMMENT='Посты';
/*!40101 SET character_set_client = @saved_cs_client */;

--
-- Dumping data for table `posts`
--

LOCK TABLES `posts` WRITE;
/*!40000 ALTER TABLE `posts` DISABLE KEYS */;
INSERT INTO `posts` VALUES (1,18,'http://dropbox.net/vk/http://lorempixel.com/640/480/.hodkiewicz.kilbackratke','Laboriosam dicta harum vel rerum. Aut cumque consequatur eius eveniet eaque. Iure voluptatibus laborum molestiae sunt ea. Et ea quia aperiam quibusdam fuga perspiciatis porro.',575855,4,'2015-06-09 01:03:03','2021-03-16 16:10:13'),(2,75,'http://dropbox.net/vk/http://lorempixel.com/640/480/.jaskolski.schmidt','Veritatis impedit quis ducimus eum minima sed assumenda. Eaque quis at pariatur labore sunt voluptas. Voluptas eos eos et aut. Nihil nulla porro vel corporis dolor tempora.',602553,2,'2019-01-15 17:04:08','2021-03-16 16:10:13'),(3,10,'http://dropbox.net/vk/http://lorempixel.com/640/480/.okon.dickidouglas','Et non consequatur architecto eligendi. Quam et est similique qui. Numquam in fuga dolores delectus harum. Earum nulla fuga itaque est.',474534,4,'2016-06-21 18:34:13','2021-03-16 16:10:13'),(4,18,'http://dropbox.net/vk/http://lorempixel.com/640/480/.dickidouglas.kristromp','Vel qui ea harum dolore molestiae eum. Ut labore incidunt aut corrupti ipsa. Quia sit eveniet et excepturi molestias veritatis. Est voluptatem eligendi ex accusantium.',832856,3,'2019-02-14 20:21:22','2021-03-16 16:10:13'),(5,62,'http://dropbox.net/vk/http://lorempixel.com/640/480/.hartmann.cassin','Et blanditiis delectus molestiae voluptate. Dolorem dignissimos similique dolorum. Aut ipsa doloribus qui ex suscipit sit assumenda praesentium.',385941,3,'2016-01-29 06:10:53','2021-03-16 16:10:13'),(6,69,'http://dropbox.net/vk/http://lorempixel.com/640/480/.beier.wunschgraham','Ut eligendi itaque magnam sit sed voluptates recusandae. Ullam sed impedit dolorem ut. Repudiandae voluptatibus molestias saepe quasi in delectus perferendis atque. Non ad et officia facere ut.',988163,3,'2016-05-25 21:29:23','2021-03-16 16:10:13'),(7,18,'http://dropbox.net/vk/http://lorempixel.com/640/480/.kreiger.kautzer','Consequatur est voluptatum consequatur repudiandae soluta. Sint ut earum est repudiandae in repellendus inventore.',583793,3,'2015-01-09 23:23:57','2021-03-16 16:10:13'),(8,38,'http://dropbox.net/vk/http://lorempixel.com/640/480/.nikolausryan.romagueragerhold','Quibusdam recusandae ea sequi. Quis rem placeat occaecati aliquam inventore qui ab fugit. Quia rerum esse blanditiis vero architecto voluptas sapiente. Consequatur ut sit deleniti nobis.',985391,3,'2015-07-08 00:46:02','2021-03-16 16:10:13'),(9,79,'http://dropbox.net/vk/http://lorempixel.com/640/480/.sipes.schoen','Reprehenderit eius quisquam rerum. Quos nihil qui qui ut. Odio dolorum et illum vel quo reiciendis cupiditate. Nihil animi doloremque tempora sed aperiam molestiae. Aspernatur aut rerum omnis.',509684,3,'2012-12-09 05:31:38','2021-03-16 16:10:13'),(10,49,'http://dropbox.net/vk/http://lorempixel.com/640/480/.mooretoy.mooretoy','Est debitis cupiditate omnis qui ut omnis sequi. Dolores accusamus voluptates similique. Expedita voluptas facilis deserunt ducimus nihil. Qui et iure consequuntur dolore odit qui laboriosam.',856388,3,'2015-02-28 22:17:30','2021-03-16 16:10:13'),(11,8,'http://dropbox.net/vk/http://lorempixel.com/640/480/.veumking.lakin','Omnis sunt deleniti aliquam distinctio autem. Aut autem harum rerum consectetur commodi explicabo. Magnam qui blanditiis aut. Distinctio qui qui molestias voluptatem accusamus.',185711,4,'2018-06-26 07:25:40','2021-03-16 16:10:13'),(12,9,'http://dropbox.net/vk/http://lorempixel.com/640/480/.mayerbins.baumbach','Ut cumque neque nostrum quam et sapiente. Iure est reiciendis in neque nisi saepe.',628218,4,'2017-10-08 22:38:17','2021-03-16 16:10:13'),(13,19,'http://dropbox.net/vk/http://lorempixel.com/640/480/.sipes.wunschgraham','Maiores consequuntur deserunt consequatur voluptate velit officiis libero. Eligendi totam veniam autem eius non aut eius et. Voluptatem molestiae quis et rem eligendi omnis.',237868,3,'2015-11-12 20:22:29','2021-03-16 16:10:13'),(14,41,'http://dropbox.net/vk/http://lorempixel.com/640/480/.mann.conroy','Maiores dolor eos doloremque. Fugit quia ea deleniti iste provident deserunt distinctio.\nRerum et earum saepe qui et ab omnis dignissimos. Fuga est voluptas et qui dicta.',600767,1,'2018-03-16 04:10:17','2021-03-16 16:10:13'),(15,99,'http://dropbox.net/vk/http://lorempixel.com/640/480/.farrellpacocha.keelingstoltenberg','Laborum qui rem quo quo. Praesentium aliquid facere cum enim sed beatae labore amet. Tenetur qui minus occaecati sequi incidunt soluta esse. Nisi consequatur minus ut sequi ut et alias qui.',252863,2,'2020-12-13 21:28:25','2021-03-16 16:10:13'),(16,50,'http://dropbox.net/vk/http://lorempixel.com/640/480/.kihn.marks','Praesentium sed cum nam sit. Nostrum possimus nostrum voluptas aut. Omnis maxime totam necessitatibus accusantium. Dolorem voluptas qui quibusdam fugit ut dicta.',914248,4,'2013-11-01 01:30:53','2021-03-16 16:10:13'),(17,51,'http://dropbox.net/vk/http://lorempixel.com/640/480/.kilbackconroy.schinner','Commodi aut aspernatur aliquid non qui quis. Velit consequatur recusandae ut architecto culpa delectus in.',980997,2,'2011-06-06 13:02:54','2021-03-16 16:10:13'),(18,81,'http://dropbox.net/vk/http://lorempixel.com/640/480/.feil.oconnermedhurst','Sed amet dolores quia. Qui eius voluptas culpa consequatur voluptas repellat. Et quisquam non sit excepturi quia nihil incidunt.',798956,3,'2011-10-08 09:49:13','2021-03-16 16:10:13'),(19,53,'http://dropbox.net/vk/http://lorempixel.com/640/480/.jaskolski.jones','Optio asperiores laboriosam minima ratione. Et qui quas enim vel et. Quis qui voluptas ullam magni enim ut nisi.',860029,1,'2011-04-25 10:32:49','2021-03-16 16:10:13'),(20,59,'http://dropbox.net/vk/http://lorempixel.com/640/480/.gutkowskizulauf.barton','Dolore sed laborum qui. Aliquam et impedit fugit excepturi nesciunt ex reiciendis. Dolor possimus dolorem sed aut.',212209,4,'2013-11-24 02:42:33','2021-03-16 16:10:13'),(21,81,'http://dropbox.net/vk/http://lorempixel.com/640/480/.bogan.farrellpacocha','Ut facere hic perspiciatis aliquam. Vitae omnis illum enim vel sint. Nulla sint voluptatem quas ut quam. Non et atque saepe quisquam ducimus ducimus quisquam.',989166,1,'2019-04-10 03:42:58','2021-03-16 16:10:13'),(22,99,'http://dropbox.net/vk/http://lorempixel.com/640/480/.marks.bogan','Ducimus laudantium quis et ut corrupti et aut voluptate. Nesciunt natus ut odio et. Veritatis vel sed culpa qui distinctio enim aut.',826229,4,'2019-10-04 10:36:36','2021-03-16 16:10:13'),(23,95,'http://dropbox.net/vk/http://lorempixel.com/640/480/.daugherty.volkman','Dolorum quo neque quia facilis. Tempore ea et totam sint asperiores facilis nam. Harum hic quia atque et veritatis vero. Ratione magni maxime necessitatibus aut.',137750,4,'2015-11-17 00:29:00','2021-03-16 16:10:13'),(24,8,'http://dropbox.net/vk/http://lorempixel.com/640/480/.kertzmann.lindgren','Et voluptatum incidunt tempore tempore nisi. Nostrum qui molestiae voluptatem aspernatur possimus dolores officiis. Praesentium quia voluptas eaque quae sint.',238203,2,'2012-07-07 16:19:33','2021-03-16 16:10:13'),(25,34,'http://dropbox.net/vk/http://lorempixel.com/640/480/.batz.cassin','Consequuntur vero quo placeat qui temporibus. Corrupti suscipit quo libero deserunt. Sunt quos rerum dolorum temporibus libero aut accusamus est.',120798,4,'2018-01-04 00:07:13','2021-03-16 16:10:13'),(26,10,'http://dropbox.net/vk/http://lorempixel.com/640/480/.wolff.schiller','Ex temporibus similique illo repellendus a et velit. Et odio iste aut aut blanditiis qui. Asperiores omnis quo et dolor. Quis modi eum molestiae id quasi saepe.',863065,3,'2012-09-26 14:29:47','2021-03-16 16:10:13'),(27,90,'http://dropbox.net/vk/http://lorempixel.com/640/480/.walker.wunschgraham','Fuga suscipit est amet et amet quia est. Culpa nulla adipisci quae qui quisquam illum.',129460,4,'2019-05-25 01:17:40','2021-03-16 16:10:13'),(28,18,'http://dropbox.net/vk/http://lorempixel.com/640/480/.turner.feil','Nemo sint velit aperiam quibusdam voluptas recusandae autem. Totam molestiae itaque et vel illum odio. Odit accusantium ipsa doloribus veritatis similique minima.',826916,3,'2019-04-03 11:44:23','2021-03-16 16:10:13'),(29,41,'http://dropbox.net/vk/http://lorempixel.com/640/480/.mann.kilbackconroy','Vitae iusto sint harum quasi est. Quaerat vel necessitatibus perferendis consequatur. Autem aliquid voluptatum atque et rem omnis quod.',601557,4,'2018-02-13 19:05:25','2021-03-16 16:10:13'),(30,28,'http://dropbox.net/vk/http://lorempixel.com/640/480/.koelpinlynch.wunschgraham','Repellendus qui sed dolor voluptatem. Optio odit voluptas neque tenetur. Qui explicabo ad dicta et repellat molestias.',860742,3,'2020-12-23 18:34:57','2021-03-16 16:10:13'),(31,62,'http://dropbox.net/vk/http://lorempixel.com/640/480/.abbott.jenkins','Id ullam qui aperiam saepe eos et. Ratione neque occaecati autem dolor. In eum laboriosam quidem sit perferendis molestiae. Odio odit tenetur corrupti deserunt labore placeat.',885700,1,'2018-04-16 14:35:46','2021-03-16 16:10:13'),(32,8,'http://dropbox.net/vk/http://lorempixel.com/640/480/.schiller.stanton','Explicabo quia quod et minima est. Quaerat voluptatum sint illo laborum debitis accusamus. Maiores voluptates hic dolores delectus. Mollitia numquam laboriosam tempora expedita nihil ipsa.',399580,2,'2019-02-21 12:40:45','2021-03-16 16:10:13'),(33,47,'http://dropbox.net/vk/http://lorempixel.com/640/480/.schiller.konopelski','Itaque amet commodi perspiciatis quia sapiente. Excepturi cupiditate et pariatur illum doloribus. Ratione provident blanditiis assumenda. Sed modi dolorem atque odio.',472136,2,'2013-01-11 20:30:29','2021-03-16 16:10:13'),(34,78,'http://dropbox.net/vk/http://lorempixel.com/640/480/.koelpinlynch.willkozey','Nemo et consequatur voluptates est. Eveniet eum beatae aut et voluptatem quas tenetur. Dolorem voluptates iste cumque amet. Sequi excepturi et soluta architecto. Natus ut id aut maiores.',170141,4,'2020-12-10 03:28:56','2021-03-16 16:10:13'),(35,95,'http://dropbox.net/vk/http://lorempixel.com/640/480/.gutmann.hirthe','Eveniet rerum vel blanditiis dolores. Aliquam non adipisci omnis cupiditate. Quam consequatur libero reiciendis.',887192,2,'2019-01-30 08:47:03','2021-03-16 16:10:13'),(36,26,'http://dropbox.net/vk/http://lorempixel.com/640/480/.bashirian.rogahn','Quo itaque explicabo natus aut sapiente. Sunt ducimus cum corrupti est laborum. Similique repellat velit cum autem blanditiis tenetur.',622747,1,'2015-09-22 16:25:37','2021-03-16 16:10:13'),(37,66,'http://dropbox.net/vk/http://lorempixel.com/640/480/.abbott.walker','Est dolores quaerat et. Deserunt et nam autem. Qui nulla iure maiores aut perspiciatis.',421144,4,'2019-03-27 10:03:44','2021-03-16 16:10:13'),(38,18,'http://dropbox.net/vk/http://lorempixel.com/640/480/.oconnermedhurst.macejkovic','Alias dolores distinctio sit dolorum nobis aut. Nostrum omnis vitae a delectus. Alias quo sequi eum distinctio voluptatem explicabo. Qui expedita omnis facilis.',425911,3,'2021-03-15 16:18:08','2021-03-16 16:10:13'),(39,45,'http://dropbox.net/vk/http://lorempixel.com/640/480/.schoen.smith','Odio debitis cum non. Consequatur vero tempore sit ducimus laudantium. Corporis totam qui inventore optio dolores. Nam minus aperiam aut aperiam rerum occaecati ut alias.',989244,2,'2012-02-16 19:44:42','2021-03-16 16:10:13'),(40,93,'http://dropbox.net/vk/http://lorempixel.com/640/480/.barton.feil','Veniam soluta fugiat itaque mollitia veniam adipisci ut quod. Velit occaecati non dolor consequuntur autem ex. Maiores magnam suscipit eum eveniet hic nam aut.',839075,4,'2012-01-05 08:55:46','2021-03-16 16:10:13'),(41,18,'http://dropbox.net/vk/http://lorempixel.com/640/480/.mosciski.feest','Corporis non quibusdam odio. Enim animi sequi consequatur deleniti expedita aut. Et corporis vel et veritatis.',333208,1,'2015-08-29 19:30:25','2021-03-16 16:10:13'),(42,60,'http://dropbox.net/vk/http://lorempixel.com/640/480/.carroll.hartmann','Dolore sed qui nihil esse consequatur cupiditate id. Iure et corrupti similique. Minima porro commodi aliquid consequatur quia eum unde. Nisi sint vero et fugit qui.',783873,1,'2019-06-08 05:11:59','2021-03-16 16:10:13'),(43,5,'http://dropbox.net/vk/http://lorempixel.com/640/480/.gutmann.nitzsche','Facilis recusandae officiis consectetur ex facere est sit. Voluptatem velit consequatur aperiam vel quis.',623694,2,'2021-02-06 18:20:16','2021-03-16 16:10:13'),(44,5,'http://dropbox.net/vk/http://lorempixel.com/640/480/.cronin.volkman','Harum quidem qui sit esse. Sapiente fugit excepturi aut at. Unde harum quisquam in qui. Natus officiis modi dicta molestiae iure minus.',482352,4,'2015-12-20 10:33:11','2021-03-16 16:10:13'),(45,71,'http://dropbox.net/vk/http://lorempixel.com/640/480/.rogahn.harrispacocha','Laborum nihil ut consequuntur officiis possimus non. Excepturi temporibus est hic cupiditate error deserunt. Aliquam sequi sit accusamus qui voluptas ut.',369347,1,'2020-06-17 16:25:00','2021-03-16 16:10:13'),(46,89,'http://dropbox.net/vk/http://lorempixel.com/640/480/.berge.sipes','Eum sapiente est eos neque. Id cumque non ut rerum voluptatibus unde corrupti. Sint saepe aliquam itaque veritatis dolorem sunt corporis. Aliquam praesentium ut praesentium soluta similique iusto ea.',742125,3,'2012-03-14 18:12:15','2021-03-16 16:10:13'),(47,39,'http://dropbox.net/vk/http://lorempixel.com/640/480/.berge.gutmann','Et consequuntur alias ab voluptas. Consequatur eligendi et quidem autem enim nihil commodi. Ut natus nihil nulla. Ut eos dolor est. Praesentium animi non sequi enim.',368510,4,'2011-03-31 16:38:49','2021-03-16 16:10:13'),(48,56,'http://dropbox.net/vk/http://lorempixel.com/640/480/.cassin.mcdermott','Laboriosam eos quidem dolor molestias. Quia est dolores eveniet eius aut delectus quia. Aut occaecati asperiores voluptatibus sit dolor.',553228,4,'2018-11-30 02:41:04','2021-03-16 16:10:13'),(49,68,'http://dropbox.net/vk/http://lorempixel.com/640/480/.rau.johnson','Cupiditate libero vel et aut itaque ad. Mollitia neque neque asperiores impedit magnam.',239233,3,'2016-03-25 01:29:08','2021-03-16 16:10:13'),(50,66,'http://dropbox.net/vk/http://lorempixel.com/640/480/.barton.muller','Accusantium in perspiciatis saepe ut quod aliquid. Autem in aliquid ut esse eius. Harum cum quidem adipisci sed.',930639,3,'2013-06-03 14:03:51','2021-03-16 16:10:13'),(51,56,'http://dropbox.net/vk/http://lorempixel.com/640/480/.powlowski.nitzsche','Hic nobis minima sunt autem. Vitae est eos est et explicabo molestiae ex. Sapiente aspernatur explicabo non optio veniam et. Consequatur ullam libero cum esse alias.',322517,4,'2016-04-10 17:07:33','2021-03-16 16:10:13'),(52,89,'http://dropbox.net/vk/http://lorempixel.com/640/480/.mann.marquardt','In tempore et minus sunt. Sapiente cum ab nobis nesciunt. Labore quo saepe sed debitis.',630595,2,'2017-11-12 10:44:12','2021-03-16 16:10:13'),(53,49,'http://dropbox.net/vk/http://lorempixel.com/640/480/.farrellpacocha.keelingstoltenberg','Consequatur omnis dolor dignissimos mollitia blanditiis quia esse. Necessitatibus ex tempore aspernatur cum. Omnis soluta pariatur alias est.',458915,2,'2016-11-03 15:41:03','2021-03-16 16:10:13'),(54,76,'http://dropbox.net/vk/http://lorempixel.com/640/480/.barton.koelpinlynch','Qui ullam minima earum soluta sunt. Doloribus labore accusamus sint ullam reprehenderit suscipit consequatur. Qui quibusdam nesciunt iure voluptatum.',116414,3,'2013-09-06 18:52:29','2021-03-16 16:10:13'),(55,61,'http://dropbox.net/vk/http://lorempixel.com/640/480/.okon.farrell','Magnam cum impedit accusamus tenetur. Aut nostrum voluptatem voluptas facere. Quo aut pariatur et culpa.',403200,1,'2017-12-12 05:21:11','2021-03-16 16:10:13'),(56,8,'http://dropbox.net/vk/http://lorempixel.com/640/480/.kihn.walker','Deserunt fugiat est nulla quo minus. Ad et voluptates numquam. Voluptatibus ut veniam accusantium officia id natus. In accusantium vero doloribus quas.',411813,1,'2013-12-12 08:58:50','2021-03-16 16:10:13'),(57,17,'http://dropbox.net/vk/http://lorempixel.com/640/480/.veum.hane','Qui laboriosam quod sapiente odio odit. Veniam ex inventore a sed harum non modi. Assumenda quasi eos eaque nemo.',308490,3,'2013-05-22 23:26:57','2021-03-16 16:10:13'),(58,11,'http://dropbox.net/vk/http://lorempixel.com/640/480/.beier.effertz','Dolorem distinctio id asperiores doloremque. Molestias temporibus iusto et veritatis voluptatem. Quae error dolores explicabo distinctio ea rerum aut et.',648450,4,'2014-12-27 05:37:03','2021-03-16 16:10:13'),(59,95,'http://dropbox.net/vk/http://lorempixel.com/640/480/.farrell.abbott','Blanditiis autem mollitia officiis ut neque. A at architecto ut. Repellendus ratione fugit et tempore quae et cum.',725341,1,'2017-02-18 03:14:26','2021-03-16 16:10:13'),(60,94,'http://dropbox.net/vk/http://lorempixel.com/640/480/.wunschgraham.auer','Quo eligendi impedit aut vero. Corporis dolor in quos sed voluptas error. Voluptatibus qui sit totam minima quos pariatur iure.',359783,1,'2017-09-02 16:44:54','2021-03-16 16:10:13'),(61,62,'http://dropbox.net/vk/http://lorempixel.com/640/480/.nikolausryan.auer','Ipsam sunt ratione dicta optio placeat illum omnis. Nemo repellendus asperiores eum distinctio totam quod et. Sed et aut autem incidunt saepe consequatur in blanditiis.',819346,2,'2015-07-24 07:53:50','2021-03-16 16:10:13'),(62,49,'http://dropbox.net/vk/http://lorempixel.com/640/480/.hickle.walker','Nostrum repellendus reiciendis laudantium porro illo. Eaque reiciendis sunt velit quos aut enim voluptatem. Minima placeat excepturi consequuntur et et veritatis at.',390861,4,'2012-05-18 03:19:06','2021-03-16 16:10:13'),(63,16,'http://dropbox.net/vk/http://lorempixel.com/640/480/.kautzer.okon','Illum veniam placeat aut totam illo. Explicabo qui voluptatem nulla quisquam dolorem.',947385,2,'2012-08-27 14:34:23','2021-03-16 16:10:13'),(64,99,'http://dropbox.net/vk/http://lorempixel.com/640/480/.marks.walker','Adipisci illo consequuntur enim est eos. Magnam facere sit repudiandae nostrum. Sed assumenda non inventore ut. Eos est voluptatibus aliquam maxime et.',841668,4,'2013-11-25 11:16:52','2021-03-16 16:10:13'),(65,10,'http://dropbox.net/vk/http://lorempixel.com/640/480/.murraybradtke.mann','Minima voluptatem eligendi numquam et officia eos tempore. Est omnis quidem aut cupiditate beatae sunt. Quaerat iusto praesentium voluptatem ut ipsa.',767876,3,'2015-11-06 09:06:32','2021-03-16 16:10:13'),(66,54,'http://dropbox.net/vk/http://lorempixel.com/640/480/.koelpinlynch.schinner','Est nihil corporis incidunt ut sequi eos natus. Itaque labore tempora autem qui. Porro quas id ad dolorem.',267219,1,'2020-01-16 06:08:28','2021-03-16 16:10:13'),(67,97,'http://dropbox.net/vk/http://lorempixel.com/640/480/.jenkins.romagueragerhold','Alias sunt asperiores sed modi. Laudantium vitae quas tenetur quis excepturi. Vel et alias rerum id expedita.',937858,2,'2019-06-18 12:39:24','2021-03-16 16:10:13'),(68,17,'http://dropbox.net/vk/http://lorempixel.com/640/480/.rodriguezroberts.jaskolski','Reiciendis labore repellendus in possimus sint rerum. Iste et et qui explicabo. Dolorem et beatae corporis ab animi earum. Dignissimos reiciendis nemo velit ea cupiditate repellendus.',178066,1,'2016-05-29 15:33:23','2021-03-16 16:10:13'),(69,98,'http://dropbox.net/vk/http://lorempixel.com/640/480/.beer.lowe','Maiores est recusandae corrupti perferendis deserunt. Praesentium aspernatur illo voluptatem quos accusamus autem modi. Omnis eaque necessitatibus et praesentium. Repellat id qui et labore ullam.',808616,4,'2020-10-06 15:31:14','2021-03-16 16:10:13'),(70,79,'http://dropbox.net/vk/http://lorempixel.com/640/480/.lakin.hane','Nesciunt nesciunt neque enim enim dolor nostrum facere. Numquam debitis vero in assumenda reprehenderit tenetur.',341059,4,'2016-11-07 14:48:36','2021-03-16 16:10:13'),(71,1,'http://dropbox.net/vk/http://lorempixel.com/640/480/.hickle.carroll','Ducimus quasi omnis et. Vitae quaerat possimus maiores dolore blanditiis ex.',715019,1,'2019-09-02 13:36:24','2021-03-16 16:10:13'),(72,52,'http://dropbox.net/vk/http://lorempixel.com/640/480/.carroll.daugherty','Nesciunt non eos quas rerum ut temporibus at. Sed assumenda fugit labore tenetur a. Dicta voluptas sapiente quisquam veniam placeat fuga velit expedita.',191127,2,'2015-01-08 22:24:31','2021-03-16 16:10:13'),(73,29,'http://dropbox.net/vk/http://lorempixel.com/640/480/.walker.bashirian','Vitae aspernatur qui quaerat amet eum. Quod velit et alias voluptatem magni ut. Quibusdam aut officiis fugit beatae consequatur quam ut. Voluptatem repellat et veniam provident.',428756,2,'2014-01-07 09:07:48','2021-03-16 16:10:13'),(74,95,'http://dropbox.net/vk/http://lorempixel.com/640/480/.auer.schoen','Sed voluptatibus nulla aut quo. Veritatis laborum non omnis velit et animi dolorem. Sunt fugiat eum quis eum voluptates cupiditate deleniti. Corrupti quos animi ut qui possimus harum quidem hic.',715233,2,'2021-02-03 23:09:41','2021-03-16 16:10:13'),(75,55,'http://dropbox.net/vk/http://lorempixel.com/640/480/.muller.mayerbins','Libero illum voluptatem ab voluptatum sed. Esse et illo magnam dolores animi quis omnis beatae. Est dolorum voluptas voluptates et.',317340,4,'2019-07-23 17:32:41','2021-03-16 16:10:13'),(76,84,'http://dropbox.net/vk/http://lorempixel.com/640/480/.collier.romagueragerhold','Aliquam esse consequatur magni facere recusandae ut aliquam. Est fugiat distinctio expedita.',148261,2,'2014-09-16 16:32:14','2021-03-16 16:10:13'),(77,6,'http://dropbox.net/vk/http://lorempixel.com/640/480/.konopelski.hettingerrogahn','Asperiores aut excepturi et aliquam aut unde suscipit earum. Vel sint nulla et maxime.',225235,3,'2018-12-14 08:47:35','2021-03-16 16:10:13'),(78,81,'http://dropbox.net/vk/http://lorempixel.com/640/480/.macejkovic.kilbackconroy','Alias aut voluptatem aut architecto provident praesentium libero. Repellendus et quisquam praesentium cum. Est nostrum suscipit similique blanditiis dolorem est culpa explicabo.',979574,3,'2017-08-12 08:29:29','2021-03-16 16:10:13'),(79,31,'http://dropbox.net/vk/http://lorempixel.com/640/480/.rau.beer','Omnis iste qui eius deleniti voluptas similique nam. Et aliquid explicabo animi ipsum. Est est error nihil ex. Necessitatibus sunt iste ad et.',735216,4,'2020-08-04 09:11:47','2021-03-16 16:10:13'),(80,87,'http://dropbox.net/vk/http://lorempixel.com/640/480/.berge.raynorstracke','Autem unde a et consequuntur delectus. Animi architecto aperiam eius atque consequatur. Eligendi autem repellat magni delectus illo perferendis.',225430,4,'2018-04-02 10:47:52','2021-03-16 16:10:13'),(81,90,'http://dropbox.net/vk/http://lorempixel.com/640/480/.berge.hartmann','Voluptatem veritatis reprehenderit deleniti id. Qui quae ut aspernatur reprehenderit sint dolor. In ipsam fugiat odit sapiente.',541663,1,'2016-05-09 03:07:03','2021-03-16 16:10:13'),(82,28,'http://dropbox.net/vk/http://lorempixel.com/640/480/.hane.konopelski','Dolores enim ut rerum debitis libero. Consequatur dignissimos odit veritatis eum vitae cumque natus. Qui et et pariatur quasi. Nam id assumenda illo omnis iure voluptatem.',996175,4,'2017-12-15 04:38:50','2021-03-16 16:10:13'),(83,82,'http://dropbox.net/vk/http://lorempixel.com/640/480/.franecki.farrellpacocha','Voluptatem id provident qui. Qui quia deserunt est corporis.',663887,1,'2017-09-20 13:44:09','2021-03-16 16:10:13'),(84,6,'http://dropbox.net/vk/http://lorempixel.com/640/480/.metz.blockcrona','Amet labore sunt est vel aut qui nesciunt. Alias officiis deserunt ipsa. Beatae alias veritatis voluptas molestias.',982919,3,'2016-09-22 00:59:27','2021-03-16 16:10:13'),(85,6,'http://dropbox.net/vk/http://lorempixel.com/640/480/.reichert.gutmann','Nostrum doloremque quia nemo soluta est assumenda. Odit aut repudiandae est suscipit atque explicabo autem. Enim vel praesentium cum quam fuga explicabo.',710027,1,'2015-11-18 03:07:05','2021-03-16 16:10:13'),(86,29,'http://dropbox.net/vk/http://lorempixel.com/640/480/.nitzsche.jenkins','Qui sapiente dolorum dolores vitae. Voluptates nihil dolores est quibusdam labore iusto natus. Ea sunt voluptatem totam doloribus repellat velit. Aut eos aut dolorum unde.',806392,2,'2017-10-23 06:14:47','2021-03-16 16:10:13'),(87,72,'http://dropbox.net/vk/http://lorempixel.com/640/480/.hansenrobel.mcdermott','Nihil quaerat sapiente optio. Voluptas velit quis pariatur omnis. Et non omnis soluta voluptas et et molestias. Rerum laudantium quia quae mollitia sint fugit ducimus.',399733,4,'2014-12-29 02:17:11','2021-03-16 16:10:13'),(88,43,'http://dropbox.net/vk/http://lorempixel.com/640/480/.romagueragerhold.lindgren','Aut maiores et vel perspiciatis dolorem voluptatem mollitia. Quae voluptas sunt blanditiis non. Laborum dolor totam suscipit inventore.',273594,3,'2011-10-31 20:20:29','2021-03-16 16:10:13'),(89,37,'http://dropbox.net/vk/http://lorempixel.com/640/480/.veumking.kautzer','Nobis quis est aut. Maxime facilis aliquid qui dignissimos. Dolor nam perspiciatis suscipit porro minima neque.',484815,2,'2018-07-23 15:30:04','2021-03-16 16:10:13'),(90,30,'http://dropbox.net/vk/http://lorempixel.com/640/480/.wolff.rau','Incidunt voluptatum est molestias enim cumque dolorem nisi consequatur. Dicta laboriosam libero praesentium in deleniti. Vel nihil saepe odio non consequatur.',978180,3,'2020-10-31 03:35:26','2021-03-16 16:10:13'),(91,52,'http://dropbox.net/vk/http://lorempixel.com/640/480/.jaskolski.wolff','Fuga velit neque voluptatem. Expedita maxime repellat quia ut perferendis harum sint. Recusandae culpa ut possimus quibusdam eos et et aut. Et qui quia perspiciatis magni culpa officia.',545091,2,'2014-09-28 09:05:07','2021-03-16 16:10:13'),(92,61,'http://dropbox.net/vk/http://lorempixel.com/640/480/.gutkowskizulauf.kristrantow','Atque dignissimos et reprehenderit dolorem delectus repellendus. Fugit aliquid voluptate laudantium ipsa libero. Eos distinctio harum minus rerum iste dolor voluptatem harum.',789312,2,'2012-03-03 01:51:01','2021-03-16 16:10:13'),(93,70,'http://dropbox.net/vk/http://lorempixel.com/640/480/.raynorstracke.gutmann','Aut vel illo eveniet. Ullam amet et tempora deserunt est dignissimos assumenda. Iusto consequatur deleniti omnis sed dolorem dolor voluptatem.',678078,1,'2016-04-01 02:02:40','2021-03-16 16:10:13'),(94,77,'http://dropbox.net/vk/http://lorempixel.com/640/480/.lakin.carroll','Veniam iste commodi eaque non. Et accusamus doloremque voluptatem. Dicta est saepe exercitationem iste. Eos itaque illum mollitia cum quae.',930815,3,'2016-11-18 12:52:24','2021-03-16 16:10:13'),(95,83,'http://dropbox.net/vk/http://lorempixel.com/640/480/.jaskolski.keelingstoltenberg','Deleniti id et vel architecto. Et est pariatur quis nihil rerum. Rerum qui esse ducimus eligendi.',488545,3,'2016-10-24 06:59:26','2021-03-16 16:10:13'),(96,25,'http://dropbox.net/vk/http://lorempixel.com/640/480/.schoen.mayerbins','Rerum velit itaque amet sit vel ut. Nihil qui harum voluptas iusto. Nisi molestiae consectetur fuga aut omnis assumenda. Explicabo consequatur omnis sint ducimus esse.',877372,1,'2015-07-05 01:03:44','2021-03-16 16:10:13'),(97,72,'http://dropbox.net/vk/http://lorempixel.com/640/480/.gutmann.hettingerrogahn','Ducimus deleniti eaque molestiae repellendus eum quae doloribus. Voluptate totam enim temporibus cumque voluptatem.',548308,2,'2020-04-20 05:25:38','2021-03-16 16:10:13'),(98,71,'http://dropbox.net/vk/http://lorempixel.com/640/480/.okon.feest','Molestias qui perferendis expedita libero. Eum mollitia aut non et. Nisi est dolor eos accusamus et. Molestiae aut vel voluptatum voluptate expedita harum at.',168494,2,'2014-12-11 09:42:15','2021-03-16 16:10:13'),(99,80,'http://dropbox.net/vk/http://lorempixel.com/640/480/.kihn.macejkovic','Quod nam modi sequi accusamus voluptate. Illo quia repudiandae non molestias minus. Atque est quia dolorem perspiciatis et dolores. Sed qui soluta occaecati facilis fugiat sit facere.',715059,3,'2015-09-17 15:35:19','2021-03-16 16:10:13'),(100,2,'http://dropbox.net/vk/http://lorempixel.com/640/480/.macejkovic.nicolas','Ex libero et autem similique aut. Et aperiam occaecati sunt reiciendis facilis earum. Ullam dolores culpa sint qui delectus dolores adipisci aliquam. Corrupti ipsam quas eos similique.',287660,3,'2015-03-26 18:22:22','2021-03-16 16:10:13');
/*!40000 ALTER TABLE `posts` ENABLE KEYS */;
UNLOCK TABLES;

--
-- Table structure for table `posts_comments`
--

DROP TABLE IF EXISTS `posts_comments`;
/*!40101 SET @saved_cs_client     = @@character_set_client */;
/*!50503 SET character_set_client = utf8mb4 */;
CREATE TABLE `posts_comments` (
  `id` int unsigned NOT NULL AUTO_INCREMENT COMMENT 'Идентификатор сроки',
  `user_id` int unsigned NOT NULL COMMENT 'Ссылка на пользователя',
  `post_id` int unsigned NOT NULL COMMENT 'Ссылка на пост',
  `comment_body` text CHARACTER SET utf8mb4 COLLATE utf8mb4_unicode_ci COMMENT 'Комментарий поста',
  `created_at` datetime DEFAULT CURRENT_TIMESTAMP,
  `updated_at` datetime DEFAULT CURRENT_TIMESTAMP ON UPDATE CURRENT_TIMESTAMP,
  PRIMARY KEY (`id`),
  KEY `posts_comments_user_id_fk` (`user_id`),
  KEY `posts_comments_post_id_fk` (`post_id`),
  CONSTRAINT `posts_comments_post_id_fk` FOREIGN KEY (`post_id`) REFERENCES `posts` (`id`) ON DELETE CASCADE,
  CONSTRAINT `posts_comments_user_id_fk` FOREIGN KEY (`user_id`) REFERENCES `users` (`id`) ON DELETE CASCADE
) ENGINE=InnoDB AUTO_INCREMENT=101 DEFAULT CHARSET=utf8mb4 COLLATE=utf8mb4_unicode_ci COMMENT='Комментарии постов';
/*!40101 SET character_set_client = @saved_cs_client */;

--
-- Dumping data for table `posts_comments`
--

LOCK TABLES `posts_comments` WRITE;
/*!40000 ALTER TABLE `posts_comments` DISABLE KEYS */;
INSERT INTO `posts_comments` VALUES (1,18,69,'Aspernatur doloremque culpa in aut fugiat. Illum necessitatibus non ipsam mollitia illo blanditiis iure. Quia in eum sed delectus. Id ex veritatis ducimus vel distinctio non.','2019-10-04 10:00:21','2021-03-16 16:11:47'),(2,49,37,'Quis harum sapiente qui error. Quisquam eum officiis enim eaque qui.\nTemporibus laboriosam ab in ut sunt. Eum odio nulla dolorem eaque. Consequatur et aut numquam dignissimos.','2014-07-21 07:35:23','2019-05-29 06:30:58'),(3,26,41,'Ipsum et enim minima sit omnis assumenda aspernatur est. Nostrum sit laudantium cumque animi dolor sed. Quos qui dolor pariatur voluptatem debitis. Sint repudiandae quo laboriosam vel rerum tenetur.','2019-06-21 08:27:58','2021-03-16 16:11:47'),(4,85,54,'Molestias adipisci voluptatem reiciendis voluptas. Voluptas reiciendis quibusdam reiciendis ut tenetur. Libero beatae nostrum incidunt.','2013-09-30 12:25:29','2018-12-01 16:16:48'),(5,76,51,'Ipsum sit rerum deserunt qui incidunt id sequi. Eveniet autem non corporis. Fuga autem autem illo molestias totam porro quibusdam.','2021-01-11 05:27:33','2021-03-16 16:11:47'),(6,11,45,'Consequatur non animi iusto sapiente facilis. Illum iste delectus et vel quam et. Quia perspiciatis qui autem velit id. Molestiae laborum reiciendis explicabo neque.','2011-11-25 21:26:41','2019-09-24 00:10:01'),(7,4,49,'Repellendus rerum cupiditate qui aperiam suscipit. Dolores cupiditate saepe corporis assumenda molestiae molestiae blanditiis. Impedit aut quas eveniet.','2015-03-09 06:08:05','2021-03-16 16:11:47'),(8,63,59,'Ut quis reprehenderit non et voluptatem ullam. Voluptatem vero provident architecto atque exercitationem.','2016-03-03 01:29:10','2021-03-16 10:39:54'),(9,67,20,'Numquam occaecati atque a. Est voluptatem vitae quibusdam dolor et nihil nulla. Explicabo eum nulla a. Voluptas occaecati blanditiis libero laboriosam quia.','2012-11-25 07:53:35','2016-05-25 23:43:04'),(10,86,41,'Veniam est dicta nihil ab. Sint et quis suscipit delectus quidem aut eveniet. Neque doloribus quod recusandae quis. Est sed hic voluptatibus dolores quasi qui.','2020-07-15 17:03:40','2021-03-16 16:11:47'),(11,46,28,'Porro in facere ab voluptate. Id numquam est autem fugiat vitae consectetur aut. Inventore id exercitationem consequatur iste porro. Alias consequuntur ut iusto commodi praesentium ab.','2020-06-26 23:25:31','2021-03-16 16:11:47'),(12,3,12,'In ea autem non quo architecto eum porro. Praesentium qui eveniet quia sit. Deleniti a doloremque sunt error provident qui quaerat. Excepturi molestiae temporibus delectus vero incidunt.','2013-09-05 03:44:56','2016-06-18 02:24:49'),(13,69,86,'Aut quisquam dicta et atque dicta. Nihil et ipsam unde et autem. Et quo ut sit amet in. Exercitationem necessitatibus exercitationem nihil est aut occaecati.','2019-01-12 06:13:49','2020-10-24 16:14:55'),(14,30,19,'Dolor nam qui magnam velit consequatur nostrum ducimus. Et dolores explicabo quo et. Est similique quod blanditiis ut.','2020-10-16 20:11:40','2021-03-16 16:11:47'),(15,41,70,'Sunt voluptatem facere dolores id. Ipsa aut dolore tenetur et non quia minima. Nesciunt dignissimos alias ut velit. Ut quod quibusdam architecto et possimus perspiciatis.','2011-08-14 15:45:01','2017-07-09 23:17:01'),(16,26,74,'Praesentium ipsa aliquam rerum dolores sint at voluptatem. Culpa voluptate occaecati voluptatem ea et.','2016-09-27 09:11:01','2017-02-07 12:45:10'),(17,89,19,'Ab cupiditate dolores ut asperiores. Pariatur inventore saepe ut odio inventore blanditiis. Et tempora dicta dolores id et eum. Excepturi voluptates veritatis unde ratione doloribus sint ab.','2016-03-09 03:54:06','2021-03-16 16:11:47'),(18,33,91,'Et similique nobis non laboriosam voluptate. Blanditiis ea atque ut. Alias autem quidem aut perferendis voluptatem vel architecto. Doloremque dignissimos labore hic ipsam quasi est.','2015-11-29 04:04:30','2016-09-19 03:24:59'),(19,97,1,'Nesciunt qui sit voluptatem dolore. Ipsum distinctio ut sint iusto et. Dolorem ea ipsam mollitia eius quaerat odit.','2021-01-01 01:10:14','2021-03-16 16:11:47'),(20,11,10,'Quas sed deserunt illo aut saepe quis nesciunt. Occaecati dolorum facilis perferendis tempora voluptas. Ducimus vel et at ab harum quas molestiae. Minus voluptatum quia eum repellat.','2019-10-12 22:36:01','2021-03-16 16:11:47'),(21,52,20,'Et nemo enim ipsum ut eum nihil quo enim. Reprehenderit nulla aut nulla beatae qui fugiat. Ad eligendi assumenda dicta unde minus qui. Rerum et aut voluptatem officia voluptatibus dolore minus quod.','2012-09-23 18:16:25','2019-03-17 04:32:58'),(22,33,77,'Voluptatem ratione sint eos aspernatur. Delectus delectus tempore expedita qui. Quae inventore quis adipisci minima.','2016-06-28 09:02:12','2021-03-16 16:11:47'),(23,12,74,'Rerum dolorem sit repellendus voluptate eos sit ipsa. Impedit earum pariatur fugit iusto non. Odio at doloremque occaecati adipisci. Error repellat voluptatem recusandae corrupti omnis commodi fugit.','2012-07-08 15:21:16','2014-05-29 22:00:21'),(24,72,69,'Fuga est nemo maxime quia. Explicabo qui et fugiat vero ex voluptas. Omnis aut est voluptates.','2012-03-11 16:02:58','2012-08-25 18:48:31'),(25,71,5,'Provident veniam enim dolorem aut tenetur accusamus libero. Ipsum repellendus quidem enim odit voluptatem corrupti. Eos quae quisquam nulla rerum vitae quia. Sequi dolores natus tempora quo.','2013-06-28 03:49:03','2015-06-15 05:07:56'),(26,3,78,'Dolorem sint accusamus quibusdam sint. Numquam qui unde reiciendis ut.','2015-10-19 11:58:33','2017-04-13 18:46:32'),(27,42,82,'Corporis quo quidem maxime corporis pariatur id aperiam qui. Corrupti doloribus qui placeat. Possimus iusto consequatur est recusandae itaque aut.','2018-11-24 00:32:48','2021-03-16 16:11:47'),(28,7,44,'Qui velit tenetur exercitationem vero. Ut ut cum quia atque voluptatem sint. Tempore minus ex ea et et beatae perspiciatis. Consequatur pariatur dolor aperiam neque ea iure.','2019-12-26 13:19:44','2021-01-25 08:16:25'),(29,36,26,'Et a qui nostrum adipisci illum ad. Consectetur rerum exercitationem in amet quaerat eveniet in. Sapiente eum eligendi cum quia odio. Eos aut eveniet qui ullam.','2011-09-24 12:49:21','2016-09-12 01:06:36'),(30,49,65,'Fuga tenetur voluptatum et fugit. Similique facilis doloribus ipsa sunt. At amet in alias numquam quis eos exercitationem. Odio corporis placeat doloribus.','2016-02-26 11:11:45','2021-03-16 16:11:47'),(31,41,33,'Consequatur non doloribus sit illum. Animi et laboriosam sint adipisci quae illum. Nisi et non modi.','2012-05-06 23:59:05','2017-08-29 13:43:14'),(32,53,54,'Fuga blanditiis quidem voluptatem amet. Voluptatem a aspernatur ut quo.','2013-05-30 06:46:38','2015-04-14 22:50:28'),(33,12,26,'Minima aliquam sed exercitationem cumque adipisci voluptatem rem. Velit sint delectus doloribus ea veritatis porro quo. Illo asperiores ut eligendi. Iste culpa cupiditate eum libero.','2011-07-13 20:25:56','2012-07-18 04:06:47'),(34,21,19,'Velit velit odio maiores odio. Enim beatae eveniet nihil perferendis vitae soluta. Perferendis quae quos dolorum accusamus sed quo accusantium.','2017-01-17 02:08:37','2020-01-21 04:17:40'),(35,53,89,'Aspernatur animi quia ut aut sit. Est dignissimos libero odio. Et in voluptatem omnis harum sunt molestiae doloremque quibusdam. Nesciunt voluptatem ut adipisci odio veniam eum officia placeat.','2016-09-16 13:06:24','2021-03-16 16:11:47'),(36,4,56,'Qui explicabo amet repellendus expedita dolor voluptate. Sit esse est aspernatur delectus exercitationem et. Non suscipit quo aut. Et excepturi illum tempore nisi eveniet voluptatem.','2016-09-12 13:41:55','2020-12-30 23:47:43'),(37,62,62,'Aut aliquam distinctio provident harum deserunt animi sit. Id vel eum reprehenderit dolores repellat. Assumenda aut tempora temporibus et officiis quibusdam.','2013-09-07 04:33:37','2015-04-30 11:07:35'),(38,39,60,'Maxime est saepe iste quisquam. Cum blanditiis ea recusandae quas minima. Quia minima aut et cumque illum alias eum. Odit eos omnis eveniet harum porro sequi.','2014-01-08 10:27:50','2014-03-11 13:46:37'),(39,35,29,'Debitis ut cumque velit occaecati a. Ab quod qui consectetur molestias. Blanditiis voluptas explicabo dolorum omnis sit sequi.\nAperiam quo laboriosam culpa totam in minima. Nihil dicta nam quos.','2011-05-24 23:09:29','2017-05-10 23:34:07'),(40,60,25,'Dignissimos repellendus ut voluptatibus ipsa provident. Voluptatem sit similique qui ab.','2019-04-03 12:18:32','2021-03-16 16:11:47'),(41,93,88,'Aut beatae quia voluptates ea autem. Esse asperiores veniam omnis voluptatem est mollitia animi. Illo vel id odio aut aut quia maiores debitis.','2012-05-24 20:07:04','2012-10-19 21:39:36'),(42,31,95,'Optio voluptatem repudiandae corrupti impedit. Nam aliquid non quaerat. Earum numquam sit qui vitae architecto.\nSit sit vero rem aperiam. Autem tempora magni tenetur nostrum vel consequuntur tenetur.','2012-08-19 02:55:12','2015-09-11 12:05:45'),(43,15,83,'Ullam non accusantium at sint aspernatur culpa. Laboriosam quibusdam laudantium quis aut est dolorum consequatur dicta. Ex omnis soluta nam earum.','2012-09-12 15:35:44','2021-03-16 16:11:47'),(44,23,61,'Dolor atque et voluptate placeat esse sed. Velit quam voluptas rerum et qui qui. Dolorem veniam eveniet tenetur praesentium consequatur eius. Est voluptas vel dolorum aut laborum rem ut in.','2014-11-19 23:28:13','2014-12-03 09:34:29'),(45,34,96,'Et quaerat eum a et ipsum natus. Non sed exercitationem cupiditate sed. Deserunt ducimus velit dolores aut quae.','2011-04-26 21:00:08','2016-02-07 06:05:12'),(46,42,93,'Rerum culpa sequi odio. Accusantium aut libero voluptate inventore quis numquam similique. Sed quas perferendis esse repellendus saepe facere.','2020-12-06 07:19:03','2021-03-16 16:11:47'),(47,14,67,'Non eos exercitationem quis odit. Debitis dignissimos tenetur quaerat asperiores et beatae ut. Dolor sint doloribus quia a repellat repudiandae fuga. Nemo repellat sit error dolorem corporis aut.','2019-08-13 05:31:12','2021-03-16 16:11:47'),(48,61,92,'Sed voluptatem minima omnis facilis. Dolore ducimus voluptates soluta sint rerum sequi. Suscipit soluta sunt natus. Fugiat aut impedit libero.','2016-11-17 14:58:56','2021-03-16 16:11:47'),(49,93,62,'Labore ab ut autem suscipit cupiditate. Qui nemo accusamus aut repudiandae expedita repudiandae expedita. Enim quo dolorum voluptatem ratione.','2015-02-25 20:09:03','2021-03-16 16:11:47'),(50,68,75,'Omnis aut vero vero. Fugiat in officia occaecati possimus quod dolores. Velit ut qui officia dolores nisi voluptates laborum aut. Molestias fugiat omnis hic dolore ut molestiae et.','2019-03-31 05:25:21','2020-05-19 14:15:39'),(51,90,45,'Distinctio illum minima quasi velit velit. Mollitia ipsam soluta corporis illo aperiam voluptas.','2014-03-07 05:07:27','2015-04-01 12:27:30'),(52,80,21,'Velit rerum ut quam cum est placeat. Rerum voluptate quibusdam quibusdam dolor tenetur. Consectetur esse dolorem praesentium itaque modi.','2019-06-14 00:56:00','2021-03-16 16:11:47'),(53,4,69,'Blanditiis corrupti accusantium dolorum quasi. Earum beatae non temporibus tenetur fuga voluptatem nisi nobis. In vero porro distinctio enim sed velit. Laborum ut eius tempora harum.','2019-06-30 18:38:28','2021-03-16 16:11:47'),(54,72,58,'Nostrum eum dolor omnis ut quo. Animi vel vel eum dolore eum qui. Dolorem autem aut et qui dolor nisi.','2013-12-27 20:19:30','2021-03-16 16:11:47'),(55,64,62,'Totam velit qui soluta corporis culpa aut quos. Porro sit omnis rerum omnis. Et sapiente consequuntur velit molestiae laboriosam pariatur dignissimos est.','2012-01-21 09:04:19','2012-04-30 02:02:10'),(56,88,62,'Tempora architecto sapiente a quos. A perferendis accusamus aliquid nobis.','2012-01-05 17:36:02','2020-10-05 19:02:59'),(57,64,40,'Sed dolor assumenda et aut. Deleniti itaque recusandae et. Consequatur non odio voluptas quia ut ex.','2013-10-28 09:40:42','2021-03-16 16:11:47'),(58,73,37,'Quo ea distinctio aut sit. Et necessitatibus reprehenderit rerum cupiditate optio quis. Ipsa illo nam ex et voluptatem sunt.','2020-07-19 19:59:26','2021-03-16 16:11:47'),(59,61,99,'Cum iusto molestias dignissimos sit at. Sunt rerum officiis ducimus. Distinctio provident ullam quasi quis.','2011-09-25 22:31:28','2020-07-15 12:37:06'),(60,31,50,'Molestias accusamus ea temporibus error. Laborum libero consectetur expedita explicabo enim cum. Incidunt sed explicabo vel temporibus. Similique provident illum distinctio qui.','2017-02-13 05:14:37','2021-03-16 16:11:47'),(61,31,42,'Aut nisi omnis assumenda nulla voluptatem. Iusto qui enim vel molestiae iusto.','2017-08-09 13:49:34','2021-03-16 16:11:47'),(62,97,61,'Ut ut et enim. Dolorem aut velit molestiae sit saepe at et. In non et cum dolor earum saepe.','2021-01-08 22:17:51','2021-03-16 16:11:47'),(63,28,98,'Doloribus facere hic ducimus nostrum quis. Amet eos aperiam et sit. Pariatur quam quasi est quos cum et.','2017-11-10 22:06:23','2020-12-17 20:34:30'),(64,91,34,'Molestias ullam sapiente et et molestiae rem. Accusamus ratione deleniti aut enim. Architecto minima alias facilis qui in.','2018-11-04 23:03:19','2021-03-16 16:11:47'),(65,34,60,'Architecto rerum laborum incidunt corporis officiis eveniet. Consectetur id et recusandae sint. Distinctio explicabo suscipit quod. Explicabo corporis id fugiat et.','2016-02-21 21:55:54','2021-03-16 16:11:47'),(66,13,99,'Consequatur explicabo aut et vitae dolorum. Sit eaque libero labore adipisci.','2016-11-16 02:35:17','2021-03-16 16:11:47'),(67,48,81,'Expedita suscipit ut nesciunt quae eos omnis quia dolores. Ut nam ex aut voluptas sed. Voluptates soluta nam perspiciatis in quo.','2012-07-12 02:42:39','2015-06-17 02:45:48'),(68,6,61,'Architecto voluptas expedita est consequuntur. Consequatur nihil quia voluptatem voluptate. Delectus consequatur enim consequatur quidem non praesentium. Dolorum ut hic omnis placeat laboriosam vel.','2020-02-15 06:32:48','2021-03-16 16:11:47'),(69,86,31,'Impedit autem dolorem qui hic. Eos est molestias non quod dolore iusto. Soluta temporibus earum aut magnam reprehenderit.','2021-01-13 21:07:14','2021-03-16 16:11:47'),(70,74,98,'Fuga dolore aut nemo numquam numquam fugiat. Enim porro voluptas maiores ut non rerum eos. Ullam et quia et voluptas. A perspiciatis nisi debitis et est velit.','2012-03-20 14:50:05','2013-12-24 18:00:11'),(71,7,79,'Rerum earum esse eius nihil. Cupiditate repellendus porro ut eum consequatur consequatur a. Minima quasi molestiae et aperiam velit magni. Magnam aliquid fugit est temporibus ipsa sit qui.','2016-10-22 06:23:57','2019-06-11 05:42:29'),(72,95,39,'Laudantium vel reprehenderit magnam facilis. Ducimus perspiciatis consectetur ipsum id sit optio quasi nobis. Dignissimos id aperiam soluta rem quod et. Repellat omnis adipisci nemo id repudiandae.','2012-05-06 14:52:42','2019-01-07 17:05:08'),(73,10,60,'Ratione in enim delectus optio voluptatem labore voluptatibus. Rerum inventore corporis eum molestiae. Provident repellendus et ut animi dolorem ea non nam. Iste quibusdam eos minima ipsum aut.','2012-01-06 00:46:25','2014-10-16 00:34:49'),(74,85,32,'Corrupti non quo numquam ut est aperiam numquam. Quae modi dolorem nobis fugiat. Sit iure et consequatur animi et suscipit quae. Odit rem facilis labore tempore et saepe adipisci.','2017-08-29 02:05:54','2021-03-16 16:11:47'),(75,23,37,'Doloribus veniam molestiae voluptatem rerum a. Quam nam earum in. Aspernatur ratione dolorem asperiores magni beatae sit.','2012-10-26 22:02:51','2016-08-07 15:58:29'),(76,99,85,'Delectus facilis quisquam enim quasi pariatur enim et voluptatem. Quos laborum inventore quibusdam nulla eveniet. Sit ea iusto est sapiente sit.','2018-10-09 08:41:47','2021-03-16 16:11:47'),(77,97,10,'Facilis soluta aliquid quaerat voluptatum et voluptas. In aut ea aut deserunt reiciendis. Molestiae architecto aut et molestias aut quia.','2016-02-16 03:58:13','2016-11-04 22:11:41'),(78,22,88,'Mollitia iste magni ut enim facere deleniti dolore ut. Dolores debitis magni ex reiciendis earum at enim. Cumque fugiat voluptas et minima aliquam aliquid.','2012-06-26 14:08:52','2012-10-15 17:09:44'),(79,55,76,'Maxime fugit omnis delectus atque laboriosam et. Doloribus totam debitis non nihil labore dignissimos. Dignissimos laborum ipsum voluptas nobis. Quia quisquam maxime fugiat aliquam aut voluptatibus.','2014-06-12 18:31:11','2021-03-16 16:11:47'),(80,16,94,'Consequatur in corporis sunt et. Necessitatibus ullam tempora enim. Distinctio repellendus sint deserunt perferendis non in. Et aut iste pariatur sequi.','2013-10-31 21:23:27','2017-06-02 11:36:29'),(81,14,94,'Ut repudiandae temporibus laborum sed magni qui. Facere molestiae pariatur sed quibusdam et consequuntur. Ex debitis officia eligendi atque eum.','2015-12-02 21:27:39','2017-04-08 14:50:48'),(82,69,50,'Et omnis consectetur inventore est labore. Temporibus necessitatibus incidunt numquam. Distinctio molestiae dolor qui ab excepturi sed qui.','2015-09-20 19:31:32','2020-04-13 15:25:07'),(83,58,11,'Id ducimus eum et nesciunt enim harum. Est dolores blanditiis veniam rem sit aut quo nisi. Et suscipit et tempora rem. Sint error ut sint ut cum eos.','2014-07-28 08:55:04','2018-07-08 13:09:00'),(84,54,95,'Natus mollitia et quia quas labore. Nesciunt accusantium itaque qui occaecati laudantium et eveniet expedita. Sint culpa inventore iusto neque ad facere.','2013-07-14 17:50:18','2021-03-16 16:11:47'),(85,8,15,'Aut provident omnis maxime facilis error. Et facere nobis nam ipsam necessitatibus veritatis. Quis rem corporis id ut eum modi.','2011-12-24 12:19:17','2017-10-29 23:46:44'),(86,46,71,'Omnis molestiae doloremque id quos aut cumque amet. Deleniti eveniet odit sit nam vitae. Sed velit numquam quidem debitis quo sint.','2020-04-14 13:50:25','2021-03-16 16:11:47'),(87,34,77,'Totam ratione quo labore qui corrupti quos facere. Qui et labore fugiat quam. Alias tempore veritatis explicabo eum quos similique. In non hic facilis quia qui.','2018-12-17 20:26:11','2019-11-11 06:16:50'),(88,19,21,'Similique ut itaque iure nesciunt labore. A maiores maiores possimus molestias. Molestiae pariatur officiis qui consequatur sint doloremque.','2018-09-04 21:32:00','2018-09-16 17:58:05'),(89,54,79,'Esse dolores nesciunt sequi ut totam. Consequatur et reiciendis ratione sit quod. Eveniet nulla unde et voluptatem.','2016-01-24 04:48:36','2017-11-09 13:29:08'),(90,9,14,'Magni laudantium magni aut. Asperiores suscipit ullam iure dolores est incidunt est. Repellat aut laudantium sit libero excepturi. Tenetur repudiandae eveniet doloribus et occaecati modi.','2017-08-17 06:39:55','2021-03-16 16:11:47'),(91,79,40,'Aut modi asperiores itaque dolores. Officia accusantium qui blanditiis consequatur voluptatem ut aut. Voluptatem nesciunt quo repellendus temporibus est. Quis voluptatem architecto et eius.','2013-11-14 20:14:54','2016-07-01 11:15:11'),(92,80,18,'Minus non facere est est animi harum rerum. Autem quia aut facere delectus. Impedit consectetur excepturi odio exercitationem.','2021-01-15 08:24:21','2021-03-16 16:11:47'),(93,50,5,'Cumque earum voluptatibus vel voluptas qui. Dicta magnam harum est sit occaecati quas autem doloremque. Est enim reprehenderit est aliquam architecto occaecati aperiam.','2015-03-25 05:44:25','2020-03-13 07:21:26'),(94,66,18,'Beatae nisi molestiae deserunt omnis aliquid in. Sapiente quia et ipsa qui. Iure quis et minus. Et in et autem deserunt dolorum aliquam eligendi in.','2015-11-23 12:34:06','2021-03-16 16:11:47'),(95,20,22,'Placeat commodi eum dolore iste rerum enim. Eum modi dolorem amet est libero dolorum amet. Rerum eaque in sunt laborum facilis. Inventore omnis eos occaecati.','2017-03-11 16:36:41','2020-03-26 18:06:05'),(96,45,31,'Et aut quis consequatur aut. Quam repellendus fugiat ea minima harum eos et doloribus.','2016-01-19 21:01:46','2021-03-16 16:11:47'),(97,42,86,'A doloremque non et nam. Ad excepturi quisquam ea sunt libero vitae. Veritatis molestiae et magnam et. Maiores laudantium quisquam et explicabo at velit.','2017-09-09 07:06:05','2021-03-16 16:11:47'),(98,71,57,'Modi voluptas quidem velit quaerat qui. Eius et quasi consequatur ab quia sed. Laboriosam ipsam reprehenderit commodi quasi rerum quae.','2015-07-10 09:57:52','2019-05-06 13:44:12'),(99,84,64,'Voluptatum magnam iure itaque sed. Voluptate iure aut molestiae eius doloribus eius rerum. In voluptatibus odit possimus eum unde illo molestiae. Adipisci deserunt aut optio laboriosam enim.','2016-06-16 10:28:03','2018-02-22 01:12:31'),(100,68,31,'Quo reiciendis omnis explicabo aut tempore laborum. Et maxime iure sit aut eveniet. Culpa sequi dolorem ducimus quo nihil deleniti. Eligendi rerum in nemo autem inventore esse ea.','2019-05-12 10:13:22','2020-08-12 23:39:02');
/*!40000 ALTER TABLE `posts_comments` ENABLE KEYS */;
UNLOCK TABLES;

--
-- Table structure for table `posts_marks`
--

DROP TABLE IF EXISTS `posts_marks`;
/*!40101 SET @saved_cs_client     = @@character_set_client */;
/*!50503 SET character_set_client = utf8mb4 */;
CREATE TABLE `posts_marks` (
  `id` int unsigned NOT NULL AUTO_INCREMENT COMMENT 'Идентификатор сроки',
  `post_id` int unsigned NOT NULL COMMENT 'Ссылка на пост',
  `user_id` int unsigned NOT NULL COMMENT 'Ссылка на пользователя',
  `created_at` datetime DEFAULT CURRENT_TIMESTAMP,
  PRIMARY KEY (`id`),
  KEY `posts_marks_post_id_fk` (`post_id`),
  KEY `posts_marks_user_id_fk` (`user_id`),
  CONSTRAINT `posts_marks_post_id_fk` FOREIGN KEY (`post_id`) REFERENCES `posts` (`id`) ON DELETE CASCADE,
  CONSTRAINT `posts_marks_user_id_fk` FOREIGN KEY (`user_id`) REFERENCES `users` (`id`) ON DELETE CASCADE
) ENGINE=InnoDB AUTO_INCREMENT=31 DEFAULT CHARSET=utf8mb4 COLLATE=utf8mb4_unicode_ci COMMENT='Отметки пользователей под постами';
/*!40101 SET character_set_client = @saved_cs_client */;

--
-- Dumping data for table `posts_marks`
--

LOCK TABLES `posts_marks` WRITE;
/*!40000 ALTER TABLE `posts_marks` DISABLE KEYS */;
INSERT INTO `posts_marks` VALUES (1,44,27,'2017-09-12 20:04:48'),(2,65,26,'2020-10-17 05:30:03'),(3,46,9,'2019-02-12 03:22:49'),(4,49,53,'2015-10-19 08:09:09'),(5,21,48,'2021-02-17 03:45:21'),(6,32,7,'2013-07-26 01:32:57'),(7,23,1,'2014-10-14 04:45:45'),(8,83,35,'2013-04-12 14:36:15'),(9,54,13,'2013-08-07 13:39:54'),(10,8,4,'2013-04-09 09:24:42'),(11,80,46,'2018-12-19 07:15:57'),(12,41,55,'2019-02-21 13:19:03'),(13,8,23,'2018-08-04 19:03:54'),(14,13,1,'2018-07-23 06:23:58'),(15,85,41,'2015-10-27 03:26:10'),(16,26,62,'2020-05-29 11:22:04'),(17,16,36,'2019-10-11 17:56:52'),(18,81,29,'2016-03-26 18:17:49'),(19,100,19,'2020-09-21 08:57:07'),(20,56,49,'2017-02-08 02:28:13'),(21,19,78,'2020-08-03 17:09:18'),(22,28,45,'2013-06-04 01:52:32'),(23,37,43,'2018-12-22 20:51:06'),(24,44,70,'2018-03-01 15:55:24'),(25,71,84,'2012-03-22 13:31:28'),(26,17,80,'2019-02-18 08:12:19'),(27,20,42,'2013-07-17 05:11:50'),(28,38,95,'2018-04-28 21:44:09'),(29,4,3,'2017-03-29 04:06:05'),(30,16,75,'2020-06-15 10:59:00');
/*!40000 ALTER TABLE `posts_marks` ENABLE KEYS */;
UNLOCK TABLES;

--
-- Table structure for table `profiles`
--

DROP TABLE IF EXISTS `profiles`;
/*!40101 SET @saved_cs_client     = @@character_set_client */;
/*!50503 SET character_set_client = utf8mb4 */;
CREATE TABLE `profiles` (
  `user_id` int unsigned NOT NULL COMMENT 'Ссылка на пользователя',
  `first_name` varchar(100) CHARACTER SET utf8mb4 COLLATE utf8mb4_unicode_ci NOT NULL COMMENT 'Имя пользователя',
  `last_name` varchar(100) CHARACTER SET utf8mb4 COLLATE utf8mb4_unicode_ci NOT NULL COMMENT 'Фамилия пользователя',
  `gender` enum('MALE','FEMALE') CHARACTER SET utf8mb4 COLLATE utf8mb4_unicode_ci NOT NULL COMMENT 'Пол',
  `email` varchar(100) CHARACTER SET utf8mb4 COLLATE utf8mb4_unicode_ci NOT NULL COMMENT 'Почта',
  `phone` varchar(100) CHARACTER SET utf8mb4 COLLATE utf8mb4_unicode_ci NOT NULL COMMENT 'Телефон',
  `birthday` date DEFAULT NULL COMMENT 'Дата рождения',
  `created_at` datetime DEFAULT CURRENT_TIMESTAMP COMMENT 'Время создания строки',
  `updated_at` datetime DEFAULT CURRENT_TIMESTAMP ON UPDATE CURRENT_TIMESTAMP COMMENT 'Время обновления строки',
  PRIMARY KEY (`user_id`),
  UNIQUE KEY `email` (`email`),
  UNIQUE KEY `phone` (`phone`),
  CONSTRAINT `profiles_user_id_fk` FOREIGN KEY (`user_id`) REFERENCES `users` (`id`) ON DELETE CASCADE
) ENGINE=InnoDB DEFAULT CHARSET=utf8mb4 COLLATE=utf8mb4_unicode_ci COMMENT='Профили';
/*!40101 SET character_set_client = @saved_cs_client */;

--
-- Dumping data for table `profiles`
--

LOCK TABLES `profiles` WRITE;
/*!40000 ALTER TABLE `profiles` DISABLE KEYS */;
INSERT INTO `profiles` VALUES (1,'Verla','Skiles','MALE','wfarrell@example.net','(233)001-4700','2016-07-27','2017-08-09 06:26:39','2021-03-16 16:17:51'),(2,'Gudrun','Lakin','FEMALE','hillary35@example.org','1-745-435-1131x793','2008-05-02','2016-01-27 09:07:34','2021-03-16 17:11:25'),(3,'Giles','Rempel','FEMALE','kgleichner@example.net','1-764-795-9151','2012-03-31','2012-08-24 13:07:55','2013-04-26 05:58:44'),(4,'Trisha','Stracke','FEMALE','enid59@example.org','(946)661-9338','2013-02-05','2016-05-05 11:48:39','2019-08-19 13:04:00'),(5,'Hallie','Koch','FEMALE','pacocha.nathan@example.com','(843)023-4572x303','2009-11-27','2019-07-14 08:41:55','2021-03-16 17:11:25'),(6,'Ben','Nitzsche','FEMALE','bryce12@example.net','297-393-6610','2014-03-31','2019-02-02 05:17:48','2021-03-16 16:17:51'),(7,'Jada','Ferry','MALE','maribel.hickle@example.net','123-012-7169x006','2007-09-01','2017-01-08 08:52:56','2021-03-16 17:11:25'),(8,'Abigale','Schaefer','FEMALE','jmurray@example.com','062.276.0805x86818','2009-08-24','2019-04-28 20:51:56','2021-03-16 17:11:25'),(9,'Hildegard','Batz','MALE','gutmann.jaydon@example.com','587.760.6703x668','2016-08-01','2020-10-05 04:55:16','2021-03-16 16:17:51'),(10,'Jamey','Wiza','FEMALE','mbednar@example.org','258.020.2509','2008-12-12','2011-09-07 16:13:32','2021-03-16 17:11:25'),(11,'Jaleel','Bashirian','MALE','nwehner@example.net','(863)318-9517','2006-08-11','2012-09-02 21:16:32','2021-03-16 17:11:25'),(12,'Golden','Kuhn','MALE','senger.ali@example.net','(306)439-2257x9093','2014-06-30','2020-08-05 16:14:50','2021-03-16 16:17:51'),(13,'Henderson','Renner','MALE','ekirlin@example.org','629.906.0246x61435','2009-01-23','2018-06-03 10:57:16','2021-03-16 17:11:25'),(14,'Brycen','Hamill','FEMALE','damion.crona@example.org','(749)571-0981','2017-01-20','2021-02-01 20:13:45','2021-03-16 16:17:51'),(15,'Jaida','Vandervort','FEMALE','shields.alessia@example.net','340.984.5981','2003-02-01','2011-03-23 15:12:31','2021-03-16 17:11:25'),(16,'Giovani','Anderson','FEMALE','cwaters@example.com','156-700-2735x118','2005-11-13','2011-12-30 16:31:56','2021-03-16 17:11:25'),(17,'May','Kirlin','FEMALE','elmore.o\'hara@example.org','(947)791-8006x9836','2013-02-02','2019-03-03 16:43:55','2021-03-16 16:17:51'),(18,'Amos','Hilpert','FEMALE','sven.crona@example.net','(945)583-6042x488','2009-09-18','2016-03-27 12:28:56','2021-03-16 17:11:25'),(19,'Yesenia','Wiza','FEMALE','jaren70@example.com','(707)714-4338','2013-07-09','2016-02-19 16:03:15','2020-11-21 23:00:03'),(20,'Piper','Gorczany','MALE','cronin.adrien@example.org','(286)054-9583x88418','2007-11-16','2013-01-18 06:58:40','2021-03-16 17:11:25'),(21,'Aniya','Rohan','MALE','sister.robel@example.com','929.084.2053','2018-07-04','2019-04-06 18:31:19','2021-03-16 16:17:51'),(22,'Stefanie','Bradtke','MALE','lrath@example.org','1-784-866-0992','2006-08-21','2013-01-30 02:26:21','2021-03-16 17:11:25'),(23,'Kenyon','Konopelski','MALE','lgerlach@example.com','274.925.5912x78089','2019-11-01','2019-11-01 02:10:33','2021-03-16 16:17:51'),(24,'Zachery','Morissette','MALE','violette04@example.com','976-459-5614x6240','2010-08-26','2013-09-16 18:51:11','2021-03-16 17:11:25'),(25,'Pearlie','Collier','MALE','lpurdy@example.com','1-269-758-7314x39308','2007-11-03','2012-09-27 04:32:32','2021-03-16 17:11:25'),(26,'Niko','Jacobson','FEMALE','mckayla.gleichner@example.com','1-056-922-1965x83591','2012-04-20','2012-11-23 11:36:35','2016-05-31 01:57:57'),(27,'Abdiel','Schaden','MALE','emuller@example.com','377-320-3879','2007-05-29','2014-01-16 16:33:06','2021-03-16 17:11:25'),(28,'Zetta','Jast','FEMALE','rodolfo.pollich@example.com','338-245-5823x92988','2008-11-16','2012-05-03 19:53:30','2021-03-16 17:11:25'),(29,'Fanny','Dooley','FEMALE','trycia.krajcik@example.org','05103086714','2012-03-12','2017-07-22 22:06:01','2021-03-16 16:17:51'),(30,'Adolf','Keebler','FEMALE','carrie97@example.net','1-214-165-8896','2016-01-06','2020-05-21 00:55:56','2021-03-16 16:17:51'),(31,'Norene','Mraz','FEMALE','erdman.kendra@example.net','(767)164-2851x7819','2016-11-02','2021-02-15 13:17:09','2021-03-16 16:17:51'),(32,'Leo','Pagac','MALE','giovani.sipes@example.com','1-913-464-3984','2013-02-18','2020-11-21 17:35:34','2021-03-16 16:17:51'),(33,'Esperanza','Wuckert','MALE','adelbert.gottlieb@example.com','1-249-434-1678','2010-05-23','2016-01-20 22:28:15','2021-03-16 17:11:25'),(34,'Brain','Ankunding','MALE','pshields@example.net','1-731-255-1120','2011-02-21','2016-07-17 09:15:33','2021-03-16 17:11:25'),(35,'Danny','Glover','FEMALE','jacobson.celestino@example.com','+45(3)2688994123','2007-11-27','2016-02-12 06:35:05','2021-03-16 17:11:25'),(36,'Beulah','Kshlerin','FEMALE','rkozey@example.com','1-561-359-9419x235','2011-06-05','2012-02-08 09:35:53','2021-03-16 16:17:51'),(37,'Watson','Schamberger','MALE','consuelo15@example.com','839.828.1488x118','2008-02-17','2015-02-20 01:21:35','2021-03-16 17:11:25'),(38,'Abbigail','Kub','MALE','viviane30@example.com','1-264-434-5365','2013-10-23','2016-04-02 16:11:20','2021-02-19 10:24:44'),(39,'Barney','Smitham','FEMALE','fernser@example.net','132.763.3028','2014-01-30','2014-04-01 12:37:42','2015-01-15 02:08:17'),(40,'Kamille','Lockman','MALE','kayli68@example.org','376.007.1326x075','2014-08-04','2019-01-11 02:28:38','2021-03-16 16:17:51'),(41,'Lloyd','Nicolas','MALE','vonrueden.elnora@example.com','1-236-364-4324x0511','2013-02-11','2015-12-29 03:11:17','2019-02-06 04:11:02'),(42,'Arely','Waters','MALE','danika.douglas@example.org','360-772-6863','2015-01-30','2019-04-13 10:40:44','2021-03-16 16:17:51'),(43,'Abdiel','Grimes','MALE','ftromp@example.com','+37(0)1513097228','2016-12-20','2019-05-27 08:16:49','2020-07-13 08:53:41'),(44,'Linnie','Hyatt','MALE','cmann@example.com','374.529.4930','2011-11-08','2013-07-16 06:26:03','2021-03-16 16:17:51'),(45,'Gabriel','Bednar','FEMALE','emiliano62@example.net','(765)495-0313','2008-11-25','2013-01-08 00:26:20','2021-03-16 17:11:25'),(46,'Henriette','Koelpin','MALE','lstroman@example.org','309-221-0165','2008-07-15','2012-11-22 08:37:35','2021-03-16 17:11:25'),(47,'Dessie','Kling','FEMALE','delmer06@example.net','(567)031-7149x35275','2012-12-16','2021-01-26 03:43:40','2021-03-16 16:17:51'),(48,'Tracy','Feeney','MALE','kovacek.hardy@example.com','08281554218','2009-03-18','2018-07-25 00:47:31','2021-03-16 17:11:25'),(49,'Nettie','Haley','FEMALE','cesar90@example.com','(753)329-0445','2019-11-12','2020-01-03 22:53:00','2021-03-16 16:17:51'),(50,'Delphine','Ankunding','MALE','franecki.baron@example.net','036.041.7609x91609','2018-08-26','2018-12-16 07:53:04','2021-03-16 16:17:51'),(51,'Al','Osinski','MALE','kmoore@example.org','588.093.2931x0199','2013-08-07','2013-08-08 14:38:41','2018-10-23 11:17:56'),(52,'Walter','Kulas','FEMALE','jarred10@example.net','(564)080-5031x5046','2015-07-24','2019-11-29 07:51:44','2021-03-16 16:17:51'),(53,'Alexie','Gleichner','FEMALE','schaden.reyna@example.org','876.190.5593','2010-04-16','2013-11-28 06:45:09','2021-03-16 17:11:25'),(54,'Salma','Berge','MALE','ttorp@example.org','1-187-402-8118x00806','2012-05-06','2014-05-17 22:25:12','2014-08-05 15:52:36'),(55,'Tanya','Bogan','FEMALE','sanford.jamie@example.org','1-892-371-1761x46331','2017-06-18','2018-11-07 02:03:29','2021-03-16 16:17:51'),(56,'Marcos','Bailey','FEMALE','edyth.grady@example.net','+51(2)3479294370','2010-10-01','2015-06-08 12:15:33','2021-03-16 17:11:25'),(57,'Mathias','Johnson','MALE','mjacobs@example.net','147-237-1494x9694','2014-01-11','2015-04-19 09:03:05','2021-03-16 16:17:51'),(58,'Lottie','Gleichner','MALE','uhayes@example.com','393.429.9728x870','2005-07-25','2013-04-18 17:58:26','2021-03-16 17:11:25'),(59,'Paul','Glover','FEMALE','darius35@example.net','477.259.6929','2005-03-19','2013-12-08 15:04:24','2021-03-16 17:11:25'),(60,'Mathew','Dickinson','FEMALE','dluettgen@example.org','+38(5)6023883267','2007-10-20','2014-02-05 22:05:47','2021-03-16 17:11:25'),(61,'Elsa','Connelly','FEMALE','torrey84@example.org','120.451.6182','2014-01-08','2021-03-08 05:32:30','2021-03-16 16:17:51'),(62,'Aryanna','Beer','FEMALE','zelda.purdy@example.org','482-413-8964','2014-08-19','2015-11-26 07:24:47','2018-05-10 00:25:04'),(63,'Enid','Senger','FEMALE','lila.emmerich@example.net','840.650.6101x81600','2008-09-25','2017-12-18 10:21:35','2021-03-16 17:11:25'),(64,'Federico','Kuvalis','FEMALE','sipes.emmett@example.org','354-952-1571x071','2013-03-01','2015-09-05 15:55:58','2021-03-16 16:17:51'),(65,'Elias','Bauch','FEMALE','nluettgen@example.org','1-351-651-2425','2007-10-19','2014-07-10 17:21:40','2021-03-16 17:11:25'),(66,'Broderick','Kreiger','FEMALE','buckridge.marisol@example.com','06101875949','2006-01-25','2011-12-02 18:14:41','2021-03-16 17:11:25'),(67,'Royal','Blick','MALE','marcelle87@example.org','1-798-434-6041','2015-10-22','2016-01-08 17:03:18','2017-10-15 09:26:35'),(68,'Jaycee','Swaniawski','FEMALE','io\'kon@example.org','00633151448','2007-08-28','2017-03-07 09:06:19','2021-03-16 17:11:25'),(69,'Jacky','Koch','FEMALE','klocko.blaze@example.com','+39(2)2676720763','2019-01-31','2019-12-03 16:30:32','2021-03-16 16:17:51'),(70,'Leland','Bernier','MALE','predovic.charlene@example.net','(137)282-6550x6611','2009-02-27','2013-10-02 13:15:17','2021-03-16 17:11:25'),(71,'Clarabelle','Will','FEMALE','raven44@example.net','05498086697','2012-03-09','2013-01-01 11:05:11','2021-03-16 16:17:51'),(72,'Georgette','Shields','MALE','ashlynn.rippin@example.com','760-778-3405x489','2018-03-26','2020-03-15 23:12:04','2021-03-16 16:17:51'),(73,'Loraine','Klocko','FEMALE','amber.ankunding@example.com','973.525.2921x695','2016-07-02','2019-12-19 04:17:11','2021-03-16 16:17:51'),(74,'Francis','Brown','MALE','dooley.adela@example.org','001-163-6582x0587','2012-03-03','2013-09-12 18:37:57','2016-07-12 06:16:30'),(75,'Percy','Deckow','MALE','heathcote.carissa@example.com','(447)122-2479x81118','2017-03-15','2020-01-19 03:28:57','2020-09-19 12:56:22'),(76,'Eleazar','Abbott','MALE','april73@example.net','1-042-366-1956x1353','2011-06-26','2012-02-08 12:36:17','2018-03-04 14:52:57'),(77,'Rafael','Gleichner','FEMALE','bwolf@example.org','+14(0)2653871205','2010-01-09','2014-05-25 01:06:05','2021-03-16 17:11:25'),(78,'Naomie','Lemke','MALE','joanny05@example.com','361.014.4041','2015-04-19','2015-07-01 23:13:58','2017-01-15 21:09:52'),(79,'Tremayne','Strosin','MALE','jared52@example.org','643-160-1201','2011-04-21','2014-07-27 14:36:12','2021-03-16 16:17:51'),(80,'Johnathon','Stamm','MALE','baylee54@example.org','141-694-4073','2009-08-01','2015-12-12 21:35:38','2021-03-16 17:11:25'),(81,'Buck','Dietrich','MALE','cschroeder@example.net','(097)636-7899','2011-02-21','2016-02-01 14:40:21','2021-03-16 17:11:25'),(82,'Anderson','Huels','MALE','anderson.taryn@example.com','(624)065-8658','2010-11-25','2015-04-06 00:57:27','2021-03-16 17:11:25'),(83,'Angelita','Moore','FEMALE','rhaag@example.org','(818)466-4415','2017-02-06','2021-01-17 05:15:05','2021-03-16 16:17:51'),(84,'Bianka','Toy','FEMALE','owen74@example.com','307.126.1849x56679','2011-11-30','2015-05-18 20:52:41','2021-03-16 16:17:51'),(85,'Lori','Gerlach','MALE','jacynthe.metz@example.org','+72(3)7317598393','2010-04-23','2017-05-27 02:11:57','2021-03-16 17:11:25'),(86,'Heloise','Schuster','MALE','gibson.anais@example.org','340-126-0437x9165','2009-05-27','2014-03-29 19:15:56','2021-03-16 17:11:25'),(87,'Shayna','Harris','FEMALE','hamill.novella@example.net','685.921.2766x00539','2010-05-21','2014-06-10 15:51:02','2021-03-16 17:11:25'),(88,'Winfield','Marvin','MALE','kade.hettinger@example.net','1-792-303-9895x19339','2018-03-23','2019-03-16 02:32:16','2019-03-18 23:55:06'),(89,'Diego','Dicki','MALE','rachelle.o\'connell@example.net','394.225.1232','2009-09-28','2012-06-02 07:24:56','2021-03-16 17:11:25'),(90,'Edwin','Schuster','MALE','wilma07@example.net','(596)365-9563x420','2015-10-16','2018-05-13 05:15:04','2021-03-16 16:17:51'),(91,'Aurelia','Herzog','FEMALE','lgreenholt@example.org','420-410-3639','2014-10-16','2018-10-28 03:31:47','2021-03-16 16:17:51'),(92,'Henriette','Schultz','MALE','schinner.audie@example.net','(327)806-2322x7737','2012-10-21','2014-02-28 13:37:55','2021-03-16 16:17:51'),(93,'Pearlie','O\'Keefe','MALE','dach.bernard@example.net','+78(2)5081154876','2007-02-05','2016-01-06 08:37:19','2021-03-16 17:11:25'),(94,'Mariam','Jakubowski','FEMALE','boyle.liza@example.org','(294)866-1117','2008-02-16','2014-06-03 11:24:03','2021-03-16 17:11:25'),(95,'Josianne','Thiel','FEMALE','kkoepp@example.org','009-535-5136x04813','2011-05-31','2018-05-21 13:00:30','2021-03-16 16:17:51'),(96,'Augusta','Dach','MALE','kaleb08@example.org','810-755-9036x776','2015-02-19','2019-03-14 04:12:48','2021-03-16 16:17:51'),(97,'Hazel','Reynolds','FEMALE','uromaguera@example.net','487.722.1258','2004-02-13','2013-04-09 03:08:31','2021-03-16 17:11:25'),(98,'Betsy','Gleichner','MALE','tromp.felicia@example.net','+36(4)7880301491','2007-11-06','2012-08-01 05:42:44','2021-03-16 17:11:25'),(99,'Natasha','Lueilwitz','FEMALE','hmarquardt@example.net','202-120-2617x6580','2011-06-22','2020-08-17 10:54:18','2021-03-16 16:17:51'),(100,'Mikel','Kozey','FEMALE','vicente.rippin@example.com','950-210-7498x4581','2008-05-28','2016-10-01 21:03:22','2021-03-16 17:11:25');
/*!40000 ALTER TABLE `profiles` ENABLE KEYS */;
UNLOCK TABLES;

--
-- Table structure for table `users`
--

DROP TABLE IF EXISTS `users`;
/*!40101 SET @saved_cs_client     = @@character_set_client */;
/*!50503 SET character_set_client = utf8mb4 */;
CREATE TABLE `users` (
  `id` int unsigned NOT NULL AUTO_INCREMENT COMMENT 'Идентификатор строки',
  `nickname` varchar(100) CHARACTER SET utf8mb4 COLLATE utf8mb4_unicode_ci NOT NULL COMMENT 'Никнэйм пользователя',
  `created_at` datetime DEFAULT CURRENT_TIMESTAMP COMMENT 'Время создания строки',
  `updated_at` datetime DEFAULT CURRENT_TIMESTAMP ON UPDATE CURRENT_TIMESTAMP COMMENT 'Время обновления строки',
  PRIMARY KEY (`id`)
) ENGINE=InnoDB AUTO_INCREMENT=101 DEFAULT CHARSET=utf8mb4 COLLATE=utf8mb4_unicode_ci COMMENT='Пользователи';
/*!40101 SET character_set_client = @saved_cs_client */;

--
-- Dumping data for table `users`
--

LOCK TABLES `users` WRITE;
/*!40000 ALTER TABLE `users` DISABLE KEYS */;
INSERT INTO `users` VALUES (1,'franecki','2012-10-13 00:41:07','2015-09-19 21:23:51'),(2,'lakin','2020-04-26 11:25:14','2021-03-16 15:46:20'),(3,'volkman','2019-10-15 22:20:33','2021-03-16 15:46:20'),(4,'barton','2020-12-01 07:21:01','2021-03-16 15:46:20'),(5,'bogan','2018-04-11 07:16:10','2020-01-31 17:02:31'),(6,'cassin','2018-06-17 06:44:14','2020-10-29 11:28:48'),(7,'beier','2019-03-03 14:52:28','2021-03-16 15:46:20'),(8,'hickle','2016-10-11 12:53:08','2016-12-06 11:45:58'),(9,'willkozey','2014-03-07 16:03:10','2020-04-09 21:54:05'),(10,'sipes','2014-08-20 07:07:14','2016-12-07 16:44:01'),(11,'abbott','2012-10-31 00:37:33','2020-06-05 11:15:52'),(12,'willms','2011-11-29 16:00:24','2018-01-04 17:25:42'),(13,'walker','2018-05-09 08:29:41','2021-03-16 15:46:20'),(14,'koelpinlynch','2020-06-19 05:16:41','2021-03-16 15:46:20'),(15,'farrell','2016-12-21 11:29:42','2021-03-16 15:46:20'),(16,'ritchiequigley','2020-05-18 12:03:22','2020-11-22 13:44:39'),(17,'wisoky','2015-10-07 10:28:46','2016-04-06 01:19:41'),(18,'johnson','2018-03-11 04:32:35','2021-03-16 15:46:20'),(19,'mayerbins','2013-10-05 18:17:54','2014-12-07 05:41:16'),(20,'baumbach','2015-05-05 21:20:24','2019-11-18 15:17:39'),(21,'dickidouglas','2015-11-03 21:21:00','2021-03-16 15:46:20'),(22,'nitzsche','2014-10-28 15:04:26','2021-02-20 18:37:47'),(23,'kristrantow','2014-10-24 18:34:55','2016-06-16 06:29:32'),(24,'collier','2016-07-22 02:23:32','2020-08-06 12:56:28'),(25,'kertzmann','2015-12-23 21:18:54','2019-04-03 15:07:34'),(26,'hansenrobel','2015-12-27 06:39:33','2021-03-16 15:46:20'),(27,'raynorstracke','2016-06-11 23:22:58','2016-09-14 20:20:17'),(28,'gutmann','2020-02-29 15:54:33','2021-03-16 15:46:20'),(29,'steuber','2020-09-22 22:09:40','2021-03-16 15:46:20'),(30,'veum','2012-08-11 20:10:32','2015-11-15 16:05:47'),(31,'schmidt','2011-12-26 11:08:28','2016-12-31 00:29:04'),(32,'keelingstoltenberg','2012-02-12 16:23:03','2019-11-17 11:05:04'),(33,'wunschgraham','2012-12-28 06:57:35','2016-12-28 05:02:16'),(34,'harrispacocha','2016-06-24 22:13:44','2019-11-28 19:34:05'),(35,'gutkowskizulauf','2018-09-21 10:25:38','2021-03-16 15:46:20'),(36,'turner','2011-10-15 09:25:20','2014-01-17 09:39:09'),(37,'auer','2018-11-10 09:09:27','2019-02-09 11:15:40'),(38,'konopelski','2019-10-26 17:52:50','2021-03-16 15:46:20'),(39,'mooretoy','2015-03-25 04:15:46','2020-11-12 17:44:39'),(40,'cronin','2014-04-13 01:21:24','2020-01-21 23:43:57'),(41,'jones','2018-11-11 16:19:41','2021-03-16 15:46:20'),(42,'lowe','2019-02-23 20:17:28','2021-03-16 15:46:20'),(43,'jenkins','2011-08-03 11:43:02','2015-11-12 01:18:53'),(44,'kautzer','2018-07-27 09:31:32','2021-03-16 15:46:20'),(45,'hane','2021-02-25 15:35:35','2021-03-16 15:46:20'),(46,'batz','2019-09-18 20:23:17','2021-03-16 15:46:20'),(47,'marquardt','2018-05-25 21:59:45','2020-09-13 17:26:58'),(48,'muller','2019-05-19 16:45:29','2021-03-16 15:46:20'),(49,'hartmann','2019-01-09 01:54:41','2021-03-16 15:46:20'),(50,'hodkiewicz','2018-03-29 06:34:00','2021-03-16 15:46:20'),(51,'daugherty','2012-12-17 06:07:13','2018-01-09 02:06:15'),(52,'marks','2013-08-20 00:59:05','2018-04-28 20:18:53'),(53,'rau','2012-08-19 17:31:47','2016-02-20 22:33:22'),(54,'carroll','2013-06-06 06:38:46','2015-01-09 00:30:59'),(55,'nicolas','2015-11-29 15:59:08','2021-03-16 15:46:20'),(56,'mann','2020-04-08 23:50:59','2020-11-30 14:26:01'),(57,'corkeryaufderhar','2015-10-24 21:24:03','2021-03-16 15:46:20'),(58,'veumking','2021-01-01 12:20:59','2021-03-16 15:46:20'),(59,'farrellpacocha','2014-01-08 17:37:53','2021-03-16 15:46:20'),(60,'feil','2011-11-27 05:17:06','2012-08-04 19:38:30'),(61,'flatley','2020-02-19 00:28:56','2021-03-16 15:46:20'),(62,'schoen','2020-07-08 06:02:48','2021-03-16 15:46:20'),(63,'powlowski','2013-01-02 13:22:31','2019-10-10 12:14:16'),(64,'kreiger','2016-06-19 03:44:06','2019-10-19 07:35:15'),(65,'murraybradtke','2017-05-21 05:37:26','2021-03-16 15:46:20'),(66,'nikolausryan','2020-08-10 21:32:02','2021-03-16 15:46:20'),(67,'berge','2019-08-17 02:05:17','2021-03-16 15:46:20'),(68,'beer','2017-07-21 15:25:08','2021-03-16 15:46:20'),(69,'franecki','2020-02-22 23:14:57','2021-03-16 15:46:20'),(70,'schiller','2013-04-06 02:53:18','2018-06-05 06:10:01'),(71,'effertz','2013-08-27 02:55:46','2014-08-14 12:09:57'),(72,'kilbackratke','2018-09-02 21:37:55','2021-03-16 15:46:20'),(73,'macejkovic','2020-05-23 01:26:27','2021-03-16 15:46:20'),(74,'rogahn','2017-11-09 04:30:17','2018-04-24 21:19:46'),(75,'lindgren','2015-10-30 20:19:30','2021-03-16 15:46:20'),(76,'kihn','2013-02-04 20:56:56','2015-02-14 02:43:09'),(77,'kristromp','2014-04-06 09:13:19','2019-01-02 04:40:05'),(78,'reichert','2018-01-26 18:45:15','2019-01-24 20:16:18'),(79,'schinner','2011-05-28 07:05:26','2020-03-24 17:54:37'),(80,'mcdermott','2012-08-29 10:35:39','2013-10-08 04:45:32'),(81,'feest','2017-11-28 15:41:13','2021-03-16 15:46:20'),(82,'mosciski','2016-07-03 04:27:22','2021-03-16 15:46:20'),(83,'conroy','2013-04-14 00:59:09','2019-03-21 15:20:04'),(84,'wolff','2012-07-31 00:17:21','2016-05-03 12:17:42'),(85,'oconnermedhurst','2015-01-27 11:44:17','2021-03-16 15:46:20'),(86,'rodriguezroberts','2017-04-18 21:27:56','2020-07-03 23:21:31'),(87,'jaskolski','2021-02-28 15:32:56','2021-03-16 15:46:20'),(88,'bashirian','2017-02-20 23:21:20','2021-03-16 15:46:20'),(89,'osinskidaugherty','2016-06-13 22:13:12','2016-11-04 08:41:58'),(90,'romagueragerhold','2011-04-20 16:17:52','2017-12-13 17:20:08'),(91,'kilbackconroy','2017-09-01 14:26:37','2019-03-14 16:40:13'),(92,'metz','2015-12-14 07:10:59','2021-03-16 15:46:20'),(93,'hirthe','2015-07-29 08:06:32','2020-10-29 20:28:59'),(94,'stanton','2015-07-16 12:59:39','2015-12-11 22:38:17'),(95,'okon','2012-03-02 03:51:06','2017-05-18 09:00:48'),(96,'barton','2020-04-13 07:52:39','2021-03-16 15:46:20'),(97,'smith','2013-01-02 02:07:55','2021-03-06 03:52:26'),(98,'blockcrona','2013-07-13 07:04:13','2018-06-11 00:26:19'),(99,'okon','2013-05-14 04:06:13','2021-03-16 15:46:20'),(100,'hettingerrogahn','2016-08-14 14:04:13','2021-03-16 15:46:20');
/*!40000 ALTER TABLE `users` ENABLE KEYS */;
UNLOCK TABLES;

--
-- Dumping routines for database 'instagram'
--
/*!40103 SET TIME_ZONE=@OLD_TIME_ZONE */;

/*!40101 SET SQL_MODE=@OLD_SQL_MODE */;
/*!40014 SET FOREIGN_KEY_CHECKS=@OLD_FOREIGN_KEY_CHECKS */;
/*!40014 SET UNIQUE_CHECKS=@OLD_UNIQUE_CHECKS */;
/*!40101 SET CHARACTER_SET_CLIENT=@OLD_CHARACTER_SET_CLIENT */;
/*!40101 SET CHARACTER_SET_RESULTS=@OLD_CHARACTER_SET_RESULTS */;
/*!40101 SET COLLATION_CONNECTION=@OLD_COLLATION_CONNECTION */;
/*!40111 SET SQL_NOTES=@OLD_SQL_NOTES */;

-- Dump completed on 2021-03-18  0:36:45
